{"aeqd_center":{"lat":-89.99422243929229,"lon":89.11100410442386},"features":[{"geometry":{"coordinates":[-90.540186,-89.98708],"type":"Point"},"properties":{"name":"launch_point","role":"input"},"type":"Feature"},{"geometry":{"coordinates":[[-90.540186,-89.98708],[-21.201396,-89.992746],[88.611099,-89.987957]],"type":"LineString"},"properties":{"name":"ingress_route","role":"input"},"type":"Feature"},{"geometry":{"coordinates":[[[107.826869,-89.980833],[69.423914,-89.981868],[57.647665,-89.992081],[120.58159,-89.99041],[107.826869,-89.980833]]],"type":"Polygon"},"properties":{"name":"region_of_interest","role":"input"},"type":"Feature"},{"geometry":{"coordinates":[[[-98.43708590553378,-89.98696731061573],[-98.37296361749392,-89.98689860501311],[-98.30951043253516,-89.98682988317242],[-98.24671608532424,-89.98676114534649],[-98.1845705162653,-89.98669239178307],[-98.07772194890401,-89.98662670005756],[-97.97191832766711,-89.98656096227849],[-97.867145109381,-89.98649517911839],[-97.76338800519625,-89.9864293512372],[-97.61856693897721,-89.98636809413681],[-97.475042509809,-89.98630675072465],[-97.33279915862754,-89.98624532215551],[-97.19182153971464,-89.98618380956528],[-97.0139823196702,-89.98612824066973],[-96.83756391122986,-89.98607253919985],[-96.66255266057313,-89.98601670673993],[-96.48893502578461,-89.98596074485278],[-96.28308523016176,-89.98591194607529],[-96.07865919132573,-89.98586296670736],[-95.87564734007474,-89.98581380861954],[-95.67404009710391,-89.9857644736633],[-95.44514823580445,-89.98572335417691],[-95.21757470067284,-89.98568200815522],[-94.99131525344225,-89.98564043755505],[-94.76636554070998,-89.98559864432116],[-94.51931100826764,-89.98556594146405],[-94.27337798318068,-89.98553297145628],[-94.0285678466197,-89.98549973612018],[-93.78488180317709,-89.98546623727596],[-93.52443580257439,-89.98544251843181],[-93.2648424664706,-89.98541849977089],[-93.00610821962208,-89.98539418277228],[-92.7482393041905,-89.98536956892357],[-92.47906748548994,-89.98535523371378],[-92.21042803124818,-89.98534057592165],[-91.94233113939737,-89.98532559651386],[-91.67478687169181,-89.98531029647427],[-91.40146639630517,-89.98530557884409],[-91.12832757406402,-89.9853005270443],[-90.85538262566998,-89.98529514141933],[-90.58264371928782,-89.9852894223358],[-90.30968907730565,-89.98529439229006],[-90.03655607938597,-89.98529902827508],[-89.76325697614125,-89.9853033299748],[-89.4898040633205,-89.98530729709559],[-89.22169712513288,-89.98532186195828],[-88.95306347837719,-89.98533610478964],[-88.68391341421028,-89.9853500246504],[-88.41425735455338,-89.98536362061911],[-88.15547780264349,-89.98538752577872],[-87.89585548300667,-89.9854111318812],[-87.63539698511802,-89.98543443747249],[-87.37410907919512,-89.98545744110783],[-87.12916154688659,-89.98549027028301],[-86.8831076035423,-89.98552283306643],[-86.63594887290614,-89.98555512765653],[-86.38768715779707,-89.98558715225049],[-86.16112110923926,-89.98562832738597],[-85.93325668476577,-89.98566927650697],[-85.70408996159081,-89.9857099976705],[-85.4736171386328,-89.98575048892225],[-85.27003476789757,-89.98579926992032],[-85.06505153123658,-89.985847870398],[-84.85865822134038,-89.98589628848913],[-84.65084565017516,-89.98594452230886],[-84.47489187867733,-89.98600000693408],[-84.29753956968565,-89.9860553584772],[-84.11877542202151,-89.98611057534713],[-83.93858603184837,-89.98616565593133],[-83.79491311069953,-89.98622678041515],[-83.6499602073081,-89.98628781752278],[-83.50371202064439,-89.98634876608216],[-83.35615304251871,-89.98640962490197],[-83.2493504970992,-89.9864751660367],[-83.14150816308528,-89.98654065971901],[-83.03261155711132,-89.98660610525282],[-82.92264594171299,-89.98667150192888],[-82.85712501208874,-89.98674008179181],[-82.79092290238916,-89.98680864413419],[-82.72402911395938,-89.98687718868139],[-82.65643293515713,-89.98694571515313],[-82.63625398319967,-89.98701581003894],[-82.61585597992394,-89.98708590329676],[-82.59523534427396,-89.98715599489991],[-82.57438841682558,-89.98722608482117],[-82.60302116612235,-89.98729604045198],[-82.63197099238482,-89.98736599287501],[-82.66124317683845,-89.98743594203671],[-82.69084311830721,-89.98750588788228],[-82.77085474818415,-89.98757394342167],[-82.85174746673673,-89.98764197446191],[-82.93353558049249,-89.98770998059615],[-83.01623369985724,-89.98777796140867],[-83.14891069747685,-89.98784228505691],[-83.28299836091297,-89.9879065428193],[-83.4185178159453,-89.98797073364001],[-83.55549057784263,-89.98803485644163],[-83.740418373538,-89.98809359516171],[-83.92717788245584,-89.98815220861897],[-84.11579242665483,-89.98821069494507],[-84.30628563295924,-89.98826905223852],[-84.54093498109597,-89.98832039711267],[-84.7776525184881,-89.98837154436465],[-85.01645752069847,-89.98842249137527],[-85.2573693146214,-89.98847323548944],[-85.5367657463067,-89.98851550202453],[-85.81821955619307,-89.98855749345422],[-86.10173981899547,-89.98859920673875],[-86.38733533836668,-89.98864063881392],[-86.7039079456255,-89.98867235814636],[-87.02224866399423,-89.98870372973026],[-87.34235252877386,-89.98873475066036],[-87.66421407987661,-89.98876541803197],[-88.00791825569758,-89.98878543090453],[-88.35283887004712,-89.98880503878378],[-88.69895726063794,-89.98882423953808],[-89.04625428570561,-89.98884303106544],[-89.40502739176759,-89.98885057281875],[-89.7642720846701,-89.98885767682359],[-90.12396099536046,-89.98886434224215],[-90.48406654702632,-89.98887056828644],[-90.8446049552646,-89.98886533155145],[-91.20479014766454,-89.9888596543462],[-91.56459421871662,-89.98885353734374],[-91.92398944215364,-89.9888469812677],[-92.27274837022169,-89.9888291449206],[-92.62038252438896,-89.98881089600543],[-92.9668718675205,-89.98879223653748],[-93.31219682912707,-89.9887731685638],[-93.63644492265995,-89.98874338697891],[-93.9589715533934,-89.98871324679322],[-94.27977011716104,-89.98868275087182],[-94.59883451373116,-89.98865190208262],[-94.88757563446295,-89.98861125629799],[-95.17425586272967,-89.98857032334175],[-95.4588829834745,-89.98852910628814],[-95.74146507586921,-89.98848760818858],[-95.98608036856854,-89.98843752769339],[-96.22858142125946,-89.98838723826574],[-96.46898695014823,-89.98833674260824],[-96.70731564453598,-89.98828604338787],[-96.90186038673541,-89.98822821148826],[-97.09450077718141,-89.98817024519892],[-97.28526034948187,-89.98811214648572],[-97.47416234675934,-89.98805391728077],[-97.61533840272745,-89.98799017345209],[-97.75502291000309,-89.98792635747914],[-97.89323774761505,-89.98786247049986],[-98.03000440504204,-89.98779851362963],[-98.11688944942432,-89.98773076360077],[-98.20282001960062,-89.98766298566798],[-98.28781137741424,-89.98759518028865],[-98.37187846943885,-89.98752734791039],[-98.40551559827229,-89.98745748805803],[-98.43878008406928,-89.98738762393064],[-98.47167806305212,-89.98731775559887],[-98.50421553793345,-89.98724788313183],[-98.48715771087815,-89.98717774167085],[-98.4702854924659,-89.98710759908573],[-98.45359587251752,-89.98703745539474],[-98.43708590553378,-89.98696731061573]]],"type":"Polygon"},"properties":{"name":"fence_launch_point","role":"fence"},"type":"Feature"},{"geometry":{"coordinates":[[[-22.574532750369745,-89.99186981720162],[-22.050561989825685,-89.99186113229523],[-21.527751899162816,-89.99185176820892],[-21.001316535890123,-89.9918542386466],[-20.474606257622746,-89.99185602103658],[-19.955977113998053,-89.99186959033442],[-19.435656735605924,-89.99188249127327],[-18.935086830740733,-89.99190688183589],[-18.431529335619242,-89.99193065095979],[-17.95929418264106,-89.99196536473409],[-17.482993407003963,-89.99199952798863],[-17.04941165214416,-89.99204384705114],[-16.610997814537214,-89.99208770540794],[-16.116557342351282,-89.9921451504747],[-15.614869587875813,-89.99220200199626],[-15.105852670221086,-89.99225824689654],[-14.589426926931166,-89.99231387185826],[-14.065515175422657,-89.99236886332484],[-13.53404298720247,-89.99242320750277],[-12.99493897487393,-89.9924768903647],[-12.448135091867478,-89.99252989765324],[-11.893566944747244,-89.9925822148855],[-11.33117411785383,-89.99263382735839],[-10.760900509941514,-89.99268472015471],[-10.182694682358612,-89.99273487815029],[-9.596510218198421,-89.99278428602182],[-9.002306091720857,-89.99283292825582],[-8.400047047205264,-89.99288078915855],[-7.789703986248769,-89.99292785286696],[-7.1712543623708065,-89.99297410336077],[-6.544682581619246,-89.99301952447561],[-5.909980407709298,-89.99306409991743],[-5.267147370048333,-89.99310781327794],[-4.616191172825891,-89.99315064805141],[-3.9571281031661134,-89.99319258765264],[-3.2899834361618754,-89.99323361543615],[-2.6147918344321495,-89.99327371471671],[-1.9315977396714494,-89.99331286879101],[-1.2404557534953289,-89.99335106096076],[-0.5414310047312164,-89.99338827455678],[0.16540049983692237,-89.99342449296458],[0.8799515443846613,-89.99345969965087],[1.6021233958434897,-89.9934938781914],[2.331805521872773,-89.99352701229978],[3.068875338356953,-89.99355908585729],[3.8131979897937436,-89.99359008294377],[4.5646261659268585,-89.9936199878692],[5.322999957920325,-89.9936487852061],[6.088146757279408,-89.99367645982264],[6.85988120058558,-89.9937029969161],[7.638005162927293,-89.99372838204685],[8.422307802684317,-89.99375260117255],[9.212565660042348,-89.99377564068232],[10.008542811296344,-89.99379748743091],[10.80999108063087,-89.99381812877267],[11.61665031065611,-89.99383755259493],[12.428248692527548,-89.99385574735082],[13.244503155990696,-89.99387270209138],[14.0651198191756,-89.99388840649645],[14.889794497423894,-89.99390285090459],[15.71821326987309,-89.99391602634142],[16.55005310195252,-89.99392792454655],[17.384982521376642,-89.99393853799864],[18.222662344656815,-89.99394785993859],[19.06274645060692,-89.99395588439062],[19.904882596797066,-89.99396260618117],[20.748713274421775,-89.99396802095534],[21.593876596608116,-89.99397212519088],[22.440007214794505,-89.99397491620962],[23.28673725747983,-89.99397639218614],[24.133697285372712,-89.99397655215371],[24.980517256773425,-89.99397539600753],[25.826827496895522,-89.99397292450497],[26.672259664787347,-89.99396913926319],[27.516447711542106,-89.99396404275375],[28.3590288235911,-89.99395763829469],[29.199644345056438,-89.9939499300397],[30.037940673389528,-89.99394092296478],[30.87357012284144,-89.99393062285236],[31.706191750688806,-89.99391903627296],[32.535472141570324,-89.99390617056471],[33.36108614576609,-89.99389203381062],[34.182717567765785,-89.9938766348139],[35.000059802012274,-89.99385998307156],[35.81281641326786,-89.99384208874632],[36.620701659619726,-89.99382296263711],[37.423440956710486,-89.99380261614839],[38.2207712823431,-89.99378106125826],[39.01244152115431,-89.9937583104859],[39.79821274957589,-89.99373437685823],[40.57785846179569,-89.99370927387606],[41.35116473789167,-89.99368301548002],[42.11793035573147,-89.99365561601631],[42.87796684860942,-89.99362709020252],[43.63109851092588,-89.9935974530936],[44.37716235450131,-89.99356672004822],[45.11600801835732,-89.99353490669557],[45.84749763499143,-89.99350202890287],[46.57150565632075,-89.99346810274338],[47.287918642573175,-89.99343314446554],[47.99663501746971,-89.9933971704628],[48.69756479306401,-89.99336019724451],[49.39062926759551,-89.99332224140795],[50.07576069966765,-89.99328331961136],[50.75290196199135,-89.99324344854827],[51.422006177835804,-89.99320264492289],[52.083036343209976,-89.9931609254269],[52.735964937660775,-89.9931183067174],[53.38077352642301,-89.99307480539605],[54.017452356492946,-89.99303043798957],[54.64599994902611,-89.99298522093156],[55.26642269028452,-89.99293917054528],[55.87873442317815,-89.99289230302801],[56.48295604126684,-89.99284463443631],[57.07911508691017,-89.99279618067258],[57.66724535507814,-89.99274695747279],[58.247386504165966,-89.99269698039517],[58.819583674991726,-89.9926462648101],[59.38388711899988,-89.99259482589096],[59.94035183654392,-89.99254267860591],[60.489037225982315,-89.99248983771069],[61.03000674418928,-89.99243631774225],[61.56332757896105,-89.99238213301321],[62.08907033368486,-89.99232729760723],[62.60730872453463,-89.99227182537496],[63.118119290362664,-89.99221572993083],[63.62158111537162,-89.99215902465048],[64.11777556457425,-89.99210172266874],[64.60678603197942,-89.99204383687832],[65.08869770138337,-89.99198537992895],[65.56359731959066,-89.99192636422697],[66.03157298184453,-89.99186680193557],[66.4927139292061,-89.99180670497526],[66.9471103575886,-89.99174608502484],[67.39485323812474,-89.99168495352272],[67.83603414852307,-89.99162332166851],[68.27074511505077,-89.99156120042504],[68.69907846476637,-89.99149860052043],[69.12112668761687,-89.99143553245068],[69.53698230800568,-89.9913720064822],[69.94673776543593,-89.99130803265477],[70.35048530383176,-89.99124362078452],[70.7483168691422,-89.9911787804671],[71.14032401483632,-89.99111352108102],[71.52659781490284,-89.99104785179105],[71.90722878397516,-89.99098178155178],[72.28230680421072,-89.99091531911115],[72.65192105856268,-89.99084847301418],[73.0161599700925,-89.99078125160666],[73.37511114698266,-89.99071366303893],[73.72886133291982,-89.99064571526962],[74.07749636253139,-89.99057741606951],[74.42110112156959,-89.99050877302534],[74.75975951154994,-89.99043979354357],[75.09355441856336,-89.99037048485425],[75.42256768599272,-89.9903008540148],[75.74688009087829,-89.99023090791374],[76.06657132368667,-89.99016065327449],[76.38171997125146,-89.99009009665902],[76.69240350266416,-89.9900192444716],[76.9986982579062,-89.98994810296236],[77.3006794390229,-89.98987667823091],[77.59842110365202,-89.98980497622989],[77.89199616072862,-89.98973300276842],[78.18147636819943,-89.98966076351556],[78.4669323325876,-89.98958826400371],[78.74843351025997,-89.98951550963189],[79.02604821025605,-89.98944250566899],[79.29984359854751,-89.98936925725702],[79.56988570360441,-89.98929576941427],[79.83623942315249,-89.98922204703825],[80.0989685320127,-89.98914809490891],[80.35813569092154,-89.98907391769143],[80.61380245623735,-89.98899951993914],[80.86602929044346,-89.98892490609646],[81.11487557336558,-89.98885008050152],[81.36039961402662,-89.98877504738894],[81.60265866306622,-89.98869981089246],[81.84170892565918,-89.98862437504754],[82.07760557486962,-89.98854874379381],[82.31040276538427,-89.98847292097763],[82.54015364757029,-89.98839691035441],[82.76691038180917,-89.98832071559099],[82.99072415306003,-89.98824434026788],[83.21164518561056,-89.98816778788157],[83.42972275797635,-89.9880910618466],[83.6450052179124,-89.98801416549777],[83.85753999750418,-89.98793710209215],[84.06737362830727,-89.98785987481104],[84.27455175650819,-89.98778248676204],[84.4791191580804,-89.9877049409809],[84.68111975391243,-89.98762724043335],[84.88059662488669,-89.98754938801696],[85.05786048367212,-89.98749070649446],[85.233467343481,-89.98743190635388],[85.44718855735147,-89.98737968199188],[85.65914533265233,-89.98732728348028],[85.90388589972392,-89.98728263219145],[86.14690948994574,-89.9872377504882],[86.41693357048518,-89.98720160451873],[86.68543078696118,-89.98716517589435],[86.97480103828903,-89.98713827511233],[87.26295604427752,-89.98711104763825],[87.56560772846575,-89.98709393357105],[87.8674494180954,-89.98707646035376],[88.17724711899315,-89.98706947242212],[88.48670112265114,-89.98706210687432],[88.79748321679605,-89.9870653804212],[89.10841350537804,-89.98706827322435],[89.4140295979642,-89.98708173908186],[89.72027476296452,-89.98709483663285],[90.01462127026205,-89.98711822211021],[90.31003060031844,-89.98714126638019],[90.58708961478567,-89.98717409769105],[90.86556413138406,-89.98720662755929],[91.119450666561,-89.98724823384106],[91.3749943238211,-89.98728958810376],[91.60001696676642,-89.98733910731919],[91.82680320583812,-89.98738842971663],[92.01754301032493,-89.98744481686789],[92.21000166901705,-89.9875010636219],[92.36141364612014,-89.9875631018491],[92.5143426739278,-89.98762505235236],[92.62188325986942,-89.98769136762122],[92.73058852875516,-89.98775763905842],[92.79037066590973,-89.98782671924796],[92.8508351046531,-89.98789578603352],[92.85980978138952,-89.98796600528563],[92.86888980843872,-89.98803622423901],[92.82504885129451,-89.98810587338615],[92.78069145194989,-89.98817551548744],[92.68328102083639,-89.98824283918276],[92.58474887297511,-89.98831012850319],[92.4251620484661,-89.9883933083157],[92.26327261978243,-89.98847639678418],[92.09903303171268,-89.98855939191846],[91.9323944927824,-89.98864229167243],[91.76330693810264,-89.98872509394225],[91.5917189910339,-89.98880779656427],[91.41757792363045,-89.9888903973131],[91.24082961583086,-89.98897289389942],[91.06141851335964,-89.98905528396783],[90.87928758430463,-89.98913756509457],[90.69437827433511,-89.98921973478511],[90.50663046052551,-89.98930179047174],[90.3159824037497,-89.98938372951098],[90.1223706996112,-89.98946554918088],[89.92573022787535,-89.98954724667836],[89.72599410037046,-89.98962881911619],[89.52309360732512,-89.98971026352015],[89.31695816211135,-89.98979157682581],[89.10751524436373,-89.98987275587534],[88.89469034144741,-89.98995379741413],[88.67840688824982,-89.99003469808734],[88.45858620527338,-89.99011545443616],[88.23514743501049,-89.99019606289419],[88.00800747658512,-89.99027651978328],[87.7770809186499,-89.99035682130967],[87.54227997053269,-89.99043696355957],[87.30351439163208,-89.99051694249482],[87.06069141906823,-89.99059675394818],[86.81371569360235,-89.99067639361867],[86.5624891838469,-89.99075585706647],[86.30691110879799,-89.9908351397078],[86.04687785873216,-89.99091423680947],[85.78228291452174,-89.99099314348335],[85.51301676543666,-89.99107185468043],[85.23896682551535,-89.99115036518484],[84.96001734860484,-89.99122866960748],[84.6760493421883,-89.99130676237951],[84.38694048014008,-89.9913846377455],[84.09256501457067,-89.99146228975631],[83.79279368695076,-89.99153971226184],[83.48749363873189,-89.99161689890326],[83.17652832171248,-89.9916938431051],[82.85975740843412,-89.99177053806706],[82.5370367029302,-89.99184697675538],[82.20821805219305,-89.991923151894],[81.8731492587713,-89.99199905595532],[81.53167399496137,-89.99207468115068],[81.18363171911254,-89.99215001942045],[80.82885759462788,-89.99222506242381],[80.4671824123093,-89.99229980152809],[80.09843251676944,-89.99237422779791],[79.72242973771286,-89.9924483319837],[79.3389913269758,-89.99252210451014],[78.94792990230825,-89.99259553546403],[78.54905339898423,-89.99266861458179],[78.14216503043617,-89.99274133123674],[77.72706325922854,-89.99281367442585],[77.30354177981245,-89.99288563275623],[76.8713895146411,-89.99295719443124],[76.4303906253704,-89.99302834723626],[75.9803245410253,-89.99309907852418],[75.5209660051765,-89.99316937520052],[75.05208514434634,-89.99323922370836],[74.57344756004443,-89.99330861001296],[74.08481444702504,-89.99337751958628],[73.58594274055503,-89.99344593739119],[73.07658529568594,-89.99351384786571],[72.55649110173168,-89.99358123490723],[72.02540553536386,-89.99364808185648],[71.48307065594791,-89.99371437148199],[70.92922554695046,-89.99378008596446],[70.3636067074486,-89.99384520688155],[69.78594849796144,-89.99390971519294],[69.19598364499582,-89.99397359122614],[68.59344380884745,-89.9940368146627],[67.97806021931821,-89.99409936452551],[67.34956438408942,-89.99416121916688],[66.70768887452441,-89.99422235625795],[66.05216819364664,-89.9942827527794],[65.38273973094316,-89.99434238501384],[64.69914480846387,-89.9944012285401],[64.00112982240881,-89.9944592582295],[63.28844748400756,-89.9945164482447],[62.56085816297664,-89.99457277204114],[61.81813133617914,-89.99462820237162],[61.06004714328877,-89.9946827112941],[60.28639805026009,-89.99473627018342],[59.49699062021643,-89.9947888497469],[58.691647389968175,-89.99484042004447],[57.87020884876123,-89.99489095051372],[57.032535514016324,-89.99494041000005],[56.17851009675499,-89.99498876679245],[55.30803974711766,-89.99503598866522],[54.42105836787694,-89.99508204292599],[53.51752898114998,-89.99512689647038],[52.59744613065106,-89.99517051584354],[51.66083829883438,-89.99521286730881],[50.70777031521526,-89.99525391692367],[49.73834572908673,-89.99529363062328],[48.752709116848315,-89.99533197431118],[47.751048291328736,-89.99536891395768],[46.73359637791229,-89.99540441570528],[45.70063372009213,-89.99543844598114],[44.6524895753872,-89.99547097161606],[43.58954356150241,-89.99550195996942],[42.51222681230799,-89.99553137905954],[41.421022803780886,-89.99555919769853],[40.31646781159275,-89.99558538563059],[39.199150964632985,-89.99560991367294],[38.06971386247419,-89.99563275385786],[36.9288497296486,-89.99565387957465],[35.777302085587934,-89.99567326571005],[34.615862916122126,-89.99569088878556],[33.44537034042584,-89.99570672709001],[32.266705776083256,-89.995720760806],[31.080790614302796,-89.9957329721283],[29.88858242700953,-89.99574334537286],[28.691070737282985,-89.99575186707479],[27.48927239409102,-89.99575852607407],[26.284226601177224,-89.9957633135876],[25.07698965797447,-89.99576622326661],[23.868629477253325,-89.9957672512385],[22.660219949608482,-89.99576639613258],[21.452835228639163,-89.99576365908912],[20.247544012631938,-89.99575904375186],[19.04540389864457,-89.99575255624374],[17.847455883100736,-89.99574420512651],[16.654719079414534,-89.99573400134479],[15.468185717913318,-89.99572195815519],[14.288816486612273,-89.99570809104195],[13.117536263474873,-89.99569241761994],[11.95523028195742,-89.99567495752663],[10.802740762191696,-89.99565573230447],[9.66086403042916,-89.99563476527516],[8.5303481396604,-89.99561208140754],[7.411890994917226,-89.99558770718066],[6.306138977924281,-89.99556167044352],[5.213686057690747,-89.99553400027332],[4.1350733664986805,-89.99550472683322],[3.07078921466004,-89.99547388123136],[2.021269512448369,-89.99544149538222],[0.9868985637872866,-89.99540760187142],[-0.03198980642547963,-89.99537223382495],[-1.0351108311152746,-89.99533542478365],[-2.022227126361456,-89.99529720858364],[-2.9931468034409248,-89.99525761924335],[-3.9477214067738906,-89.99521669085728],[-4.88584371532713,-89.9951744574971],[-5.8074454428814954,-89.99513095312014],[-6.712494870032493,-89.99508621148524],[-7.600994437975099,-89.9950402660761],[-8.472978331135552,-89.99499315003195],[-9.328510072644699,-89.99494489608536],[-10.167680153581825,-89.99489553650697],[-10.990603713918151,-89.9948451030569],[-11.797418290211757,-89.99479362694241],[-12.588281642392458,-89.9947411387816],[-13.363369669450245,-89.9946876685728],[-14.122874421534245,-89.99463324566902],[-14.867002213880566,-89.99457789875747],[-15.595971846129316,-89.99452165584341],[-16.31001292895612,-89.99446454423826],[-17.00936431852739,-89.99440659055126],[-17.694272658077974,-89.99434782068485],[-18.364991024893378,-89.99428825983271],[-19.021777680140403,-89.99422793248088],[-19.664894918315852,-89.99416686241116],[-20.294608012550224,-89.99410507270663],[-20.911184251605356,-89.99404258575922],[-21.514892064116538,-89.99397942327869],[-22.10600022544237,-89.99391560630329],[-22.68477714238193,-89.99385115521137],[-23.251490210985356,-89.99378608973423],[-23.80640524271303,-89.99372042896957],[-24.611978339803954,-89.9937352828574],[-25.42121975441408,-89.99374889258821],[-26.233829649792256,-89.99376125001967],[-27.049500271414978,-89.99377234769702],[-27.867916583412427,-89.99378217887497],[-28.688756947214998,-89.99379073753772],[-29.511693839102204,-89.99379801841712],[-30.336394602918016,-89.9938040170086],[-31.162522233831016,-89.99380872958503],[-31.989736188670193,-89.99381215320815],[-32.81769321806912,-89.99381428573777],[-33.64604821539942,-89.99381512583841],[-34.474455077282975,-89.99381467298342],[-35.30256757033583,-89.99381292745673],[-36.13004019872642,-89.99380989035188],[-36.95652906711979,-89.99380556356864],[-37.78169273363279,-89.99379994980707],[-38.60519304754315,-89.9937930525591],[-39.42669596667031,-89.9937848760978],[-40.24587234957856,-89.99377542546421],[-41.06239871803972,-89.99376470645198],[-41.87595798552543,-89.99375272558993],[-42.68624014787295,-89.99373949012254],[-43.49294293267959,-89.99372500798857],[-44.29577240441564,-89.99370928779808],[-45.09444352270824,-89.99369233880763],[-45.88868065171529,-89.99367417089431],[-46.67821801899157,-89.99365479452835],[-47.46280012272122,-89.99363422074472],[-48.24218208666444,-89.9936124611138],[-49.016129962618244,-89.99358952771124],[-49.784420980628724,-89.99356543308733],[-50.54684374760347,-89.99354019023586],[-51.30319839535464,-89.99351381256282],[-52.05329667945536,-89.99348631385482],[-52.79696203060482,-89.9934577082477],[-53.534029560479944,-89.99342801019532],[-54.264346024289,-89.99339723443852],[-54.98776974244756,-89.99336539597465],[-55.70417048395991,-89.99333251002753],[-56.41342931421621,-89.99329859201815],[-57.115438410008444,-89.99326365753603],[-57.810100844622255,-89.99322772231146],[-58.49733034588777,-89.99319080218851],[-59.177051030069066,-89.99315291309915],[-59.84919711443702,-89.99311407103828],[-60.51371261131592,-89.99307429203976],[-61.1705510063191,-89.99303359215368],[-61.8196749233878,-89.99299198742447],[-62.461055779142775,-89.99294949387048],[-63.094673428929426,-89.99290612746432],[-63.72051580680671,-89.99286190411462],[-64.33857856158649,-89.99281683964875],[-64.94886469088573,-89.99277094979675],[-65.55138417500297,-89.99272425017632],[-66.14615361227933,-89.9926767562789],[-66.73319585745737,-89.99262848345677],[-67.31253966439961,-89.99257944691131],[-67.88421933438607,-89.99252966168214],[-68.4482743710708,-89.99247914263725],[-69.004749143041,-89.9924279044641],[-69.55369255479658,-89.99237596166161],[-70.09515772684387,-89.992323328533],[-70.62920168548534,-89.9922700191795],[-71.15588506277838,-89.9922160474947],[-71.67527180703847,-89.99216142715981],[-72.1874289041679,-89.99210617163962],[-72.69242611001135,-89.9920502941789],[-73.1903356938577,-89.99199380779976],[-73.6812321931428,-89.99193672529931],[-74.16519217934187,-89.99187905924805],[-74.6422940349875,-89.99182082198867],[-75.11261774169743,-89.9917620256354],[-75.57624467905543,-89.99170268207376],[-76.03325743414808,-89.99164280296077],[-76.48373962153165,-89.99158239972543],[-76.92777571337247,-89.99152148356971],[-77.36545087948372,-89.99146006546972],[-77.79685083696188,-89.99139815617727],[-78.22206170911136,-89.99133576622164],[-78.64116989333482,-89.99127290591159],[-79.05426193765828,-89.99120958533763],[-79.46142442555436,-89.99114581437449],[-79.86274386872421,-89.99108160268365],[-80.25830660749897,-89.99101695971623],[-80.6481987185207,-89.99095189471582],[-81.03250592936762,-89.99088641672151],[-81.41131353979229,-89.99082053457109],[-81.78470634924656,-89.9907542569042],[-82.15276859037449,-89.99068759216566],[-82.51558386816171,-89.99062054860885],[-82.87323510443832,-89.99055313429908],[-83.22580448744192,-89.99048535711705],[-83.5733734261547,-89.99041722476235],[-83.91602250914198,-89.99034874475694],[-84.25383146762584,-89.99027992444861],[-84.58687914254051,-89.99021077101459],[-84.91524345532434,-89.99014129146492],[-85.23900138221627,-89.9900714926461],[-85.55822893183085,-89.99000138124438],[-85.8730011258012,-89.98993096378942],[-86.18339198228348,-89.98986024665751],[-86.48947450213264,-89.98978923607514],[-86.79132065756181,-89.98971793812223],[-87.08900138311422,-89.98964635873551],[-87.38258656877933,-89.98957450371178],[-87.67214505509826,-89.98950237871115],[-87.9577446301088,-89.98942998926023],[-88.23945202799166,-89.98935734075525],[-88.51733292928405,-89.98928443846513],[-88.79145196253715,-89.98921128753459],[-89.06187270730005,-89.989137892987],[-89.32865769831932,-89.98906425972746],[-89.59186843085125,-89.98899039254553],[-89.85156536698821,-89.98891629611812],[-90.10780794290983,-89.98884197501225],[-90.36065457697116,-89.98876743368773],[-90.61016267854932,-89.9886926764998],[-90.85638865757313,-89.98861770770172],[-91.09938793466587,-89.98854253144735],[-91.33921495183566,-89.98846715179354],[-91.57592318365265,-89.98839157270267],[-91.8095651488568,-89.98831579804487],[-92.04019242234216,-89.98823983160045],[-92.26785564746994,-89.98816367706215],[-92.49260454866392,-89.98808733803723],[-92.71448794424606,-89.98801081804977],[-92.93355375947381,-89.98793412054268],[-93.149849039741,-89.98785724887976],[-93.36341996391107,-89.98778020634775],[-93.57431185775071,-89.98770299615818],[-93.78256920743407,-89.98762562144937],[-93.98823567309378,-89.98754808528822],[-94.1255736098015,-89.98748453283933],[-94.26152304126795,-89.98742090920832],[-94.34928913576485,-89.9873533737402],[-94.43612263184147,-89.98728580891292],[-94.47358481468514,-89.9872160605673],[-94.5106404175846,-89.98714630681582],[-94.49846567745436,-89.98707611552966],[-94.48642246867242,-89.98700592366627],[-94.42649256009115,-89.98693701351044],[-94.36719168481108,-89.9868680892129],[-94.26240656731787,-89.98680209952035],[-94.15866443377266,-89.9867360661244],[-94.01275026890387,-89.98667451939038],[-93.86817870968147,-89.98661288702769],[-93.68551171414578,-89.98655716311671],[-93.50435469108471,-89.9865013036984],[-93.28980715316423,-89.98645261964002],[-93.07679905772264,-89.98640374698573],[-92.83560982160866,-89.98636314154564],[-92.59585688223136,-89.98632229589387],[-92.3335256943859,-89.98629061812048],[-92.0724094745035,-89.98625865428508],[-91.79461265556372,-89.98623655531357],[-91.5177129681574,-89.9862141338375],[-91.23023671341764,-89.98620206135419],[-90.94327028208293,-89.98618964212879],[-90.65195727502407,-89.98618783703363],[-90.36072792689404,-89.98618567498127],[-90.0714326726932,-89.98619416992688],[-89.78178857814238,-89.986202312479],[-89.50033677470309,-89.98622093210224],[-89.21813012284056,-89.98623921833729],[-88.95027738665918,-89.9862675811345],[-88.68132182627329,-89.98629564257396],[-88.43270713403324,-89.98633316450355],[-88.18272829052987,-89.98637042769755],[-87.95881759123985,-89.98641632772728],[-87.73339201648564,-89.98646201889822],[-87.53940767132494,-89.98651532684762],[-87.34388577333559,-89.98656847899993],[-87.11697175282974,-89.98664007151561],[-86.88761632162802,-89.98671145222829],[-86.65578733552525,-89.98678261770645],[-86.42145227724957,-89.98685356445468],[-86.18457825811142,-89.98692428891262],[-85.94513202009007,-89.9869947874537],[-85.7030799383849,-89.98706505638401],[-85.45838802445753,-89.98713509194113],[-85.2110219295947,-89.98720489029286],[-84.96094694902042,-89.98727444753605],[-84.70812802658938,-89.98734375969539],[-84.45252976009279,-89.98741282272218],[-84.19411640721081,-89.98748163249304],[-83.93285189214599,-89.9875501848088],[-83.6686998129734,-89.98761847539309],[-83.4016234497452,-89.98768649989125],[-83.13158577338795,-89.987754253869],[-82.85854945543245,-89.98782173281118],[-82.58247687861736,-89.9878889321206],[-82.30333014840944,-89.98795584711667],[-82.02107110548353,-89.98802247303426],[-81.73566133920778,-89.98808880502246],[-81.44706220218079,-89.98815483814329],[-81.15523482586707,-89.98822056737062],[-80.86014013738081,-89.98828598758882],[-80.56173887746718,-89.98835109359173],[-80.25999161973203,-89.98841588008142],[-79.95485879117255,-89.98848034166706],[-79.64630069406083,-89.98854447286382],[-79.33427752923501,-89.98860826809181],[-79.01874942085169,-89.988671721675],[-78.69967644265527,-89.98873482784022],[-78.37701864581929,-89.98879758071618],[-78.05073608841566,-89.98885997433254],[-77.72078886656793,-89.988922002619],[-77.38713714734446,-89.98898365940454],[-77.04974120344711,-89.98904493841654],[-76.70856144975045,-89.98910583328016],[-76.36355848174621,-89.9891663375176],[-76.01469311594606,-89.98922644454763],[-75.66192643229522,-89.98928614768496],[-75.30521981864689,-89.98934544013993],[-74.94453501734571,-89.9894043150181],[-74.57983417396743,-89.98946276532008],[-74.21107988825656,-89.98952078394136],[-73.83823526730272,-89.98957836367224],[-73.46126398099273,-89.989635497198],[-73.08013031976868,-89.98969217709903],[-72.69479925472184,-89.98974839585122],[-72.30523650004245,-89.98980414582644],[-71.91140857784302,-89.98985941929304],[-71.51328288536503,-89.98991420841676],[-71.11082776457106,-89.9899685052616],[-70.7040125741183,-89.99002230179083],[-70.29280776370024,-89.99007558986841],[-69.87718495073341,-89.9901283612603],[-69.45711699935755,-89.99018060763619],[-69.03257810170678,-89.9902323205713],[-68.6035438613969,-89.99028349154841],[-68.16999137916318,-89.99033411196021],[-67.73189934057068,-89.99038417311168],[-67.28924810570257,-89.99043366622291],[-66.84201980072213,-89.99048258243201],[-66.39019841118461,-89.99053091279833],[-65.93376987696386,-89.990578648306],[-65.47272218863793,-89.99062577986756],[-65.00704548516413,-89.99067229832802],[-64.53673215265519,-89.9907181944692],[-64.06177692405058,-89.99076345901422],[-63.58217697945738,-89.99080808263241],[-63.097932046918636,-89.99085205594444],[-62.609044503346276,-89.99089536952783],[-62.115519475336,-89.99093801392266],[-61.61736493956587,-89.99097997963763],[-61.114591822455665,-89.9910212571565],[-60.60721409875179,-89.99106183694478],[-60.09524888867801,-89.99110170945663],[-59.57871655327959,-89.99114086514231],[-59.05764078756823,-89.99117929445568],[-58.5320487110602,-89.99121698786219],[-58.001970955286524,-89.99125393584711],[-57.467441747838116,-89.99129012892404],[-56.92849899249935,-89.99132555764363],[-56.38518434501226,-89.99136021260284],[-55.83754328400607,-89.99139408445414],[-55.28562517662032,-89.99142716391518],[-54.72948333834809,-89.99145944177866],[-54.16917508662414,-89.99149090892237],[-53.6047617876852,-89.99152155631954],[-53.03630889623529,-89.99155137504924],[-52.463885987458525,-89.99158035630715],[-51.887566780932225,-89.99160849141629],[-51.30742915601012,-89.99163577183793],[-50.72355515826457,-89.99166218918278],[-50.136030996599416,-89.99168773522193],[-49.54494703067227,-89.99171240189814],[-48.95039774829457,-89.99173618133698],[-48.352481732514775,-89.99175906585798],[-47.75130161812432,-89.99178104798584],[-47.146964037370495,-89.9918021204614],[-46.53957955470402,-89.99182227625266],[-45.92926259043804,-89.99184150856553],[-45.316131333244805,-89.99185981085445],[-44.700307641471476,-89.99187717683286],[-44.081916933312904,-89.99189360048331],[-43.46108806593424,-89.99190907606736],[-42.837953203699136,-89.99192359813507],[-42.21264767571742,-89.9919371615343],[-41.58530982298703,-89.9919497614194],[-40.956080835467255,-89.9919613932597],[-40.32510457947919,-89.99197205284732],[-39.692527415888684,-89.9919817363047],[-39.05849800958609,-89.99199044009144],[-38.42316713082988,-89.9919981610107],[-37.78668744907597,-89.99200489621502],[-37.14921331996357,-89.99201064321144],[-36.51090056617183,-89.99201539986616],[-35.87190625290576,-89.9920191644084],[-35.23238845880369,-89.99202193543377],[-34.59250604309135,-89.99202371190677],[-33.95241840983345,-89.99202449316283],[-33.31228527015244,-89.9920242789095],[-32.672266403299915,-89.99202306922699],[-32.032521417473255,-89.99202086456803],[-31.393209511272026,-89.99201766575706],[-30.754489236683835,-89.99201347398859],[-30.11651826447936,-89.99200829082513],[-29.479453152879287,-89.99200211819411],[-28.84344912033317,-89.99199495838447],[-28.208659823221634,-89.99198681404233],[-27.5752371392608,-89.99197768816623],[-26.94333095734863,-89.99196758410163],[-26.313088974549167,-89.99195650553484],[-25.684656500865042,-89.99194445648651],[-25.05817627239692,-89.99193144130437],[-24.433788273434242,-89.9919174646557],[-23.811629567966634,-89.99190253151909],[-23.191834141046005,-89.99188664717597],[-22.574532750369745,-89.99186981720162]]],"type":"Polygon"},"properties":{"name":"fence_ingress_route","role":"fence"},"type":"Feature"},{"geometry":{"coordinates":[[[114.18378243441201,-89.98023946599884],[114.26600731495972,-89.98032368357576],[114.34893891818353,-89.98040786028103],[114.43258604281276,-89.98049199558557],[114.51695762786053,-89.98057608895137],[114.60206275528385,-89.98066013983139],[114.68791065270027,-89.98074414766926],[114.77451069616241,-89.98082811189917],[114.86187241299167,-89.98091203194568],[114.9500054846723,-89.98099590722343],[115.03891974980772,-89.98107973713705],[115.12862520713958,-89.98116352108086],[115.21913201863177,-89.98124725843871],[115.31045051262056,-89.98133094858373],[115.40259118703182,-89.98141459087815],[115.49556471266796,-89.98149818467296],[115.5893819365648,-89.98158172930783],[115.68405388542102,-89.98166522411074],[115.77959176910093,-89.98174866839778],[115.87600698421272,-89.98183206147291],[115.97331111776383,-89.98191540262766],[116.07151595089447,-89.98199869114093],[116.170633462692,-89.98208192627861],[116.27067583408676,-89.9821651072934],[116.37165545183237,-89.98224823342446],[116.47358491257101,-89.98233130389718],[116.57647702698651,-89.9824143179228],[116.68034482404643,-89.98249727469815],[116.78520155533552,-89.98258017340531],[116.89106069948198,-89.98266301321131],[116.99793596667878,-89.98274579326775],[117.10584130330184,-89.98282851271055],[117.21479089662724,-89.98291117065948],[117.32479917964902,-89.98299376621786],[117.43588083600021,-89.98307629847223],[117.54805080497863,-89.98315876649188],[117.66132428667973,-89.98324116932856],[117.77571674723866,-89.98332350601602],[117.89124392418339,-89.98340577556958],[118.00792183190123,-89.9834879769858],[118.12576676722087,-89.98357010924195],[118.2447953151118,-89.98365217129566],[118.36502435450392,-89.9837341620844],[118.48647106422834,-89.98381608052505],[118.60915292908305,-89.98389792551338],[118.7330877460239,-89.98397969592365],[118.85829363048474,-89.98406139060803],[118.98478902282733,-89.9841430083961],[119.11259269492426,-89.98422454809435],[119.24172375687645,-89.98430600848559],[119.37220166386703,-89.98438738832846],[119.5040462231545,-89.9844686863568],[119.63727760120624,-89.9845499012791],[119.771916330975,-89.98463103177785],[119.90798331931965,-89.98471207650901],[120.04549985457272,-89.9847930341013],[120.18448761425576,-89.98487390315555],[120.32496867294488,-89.9849546822441],[120.4669655102875,-89.98503536991002],[120.6105010191721,-89.9851159646665],[120.75559851405234,-89.98519646499606],[120.90228173942651,-89.98527686934982],[121.05057487847394,-89.98535717614676],[121.20050256184864,-89.98543738377295],[121.35208987663148,-89.98551749058065],[121.50536237544138,-89.98559749488763],[121.66034608570543,-89.98567739497622],[121.81706751908892,-89.98575718909247],[121.97555368108438,-89.98583687544524],[122.13583208075957,-89.98591645220533],[122.29793074066379,-89.9859959175045],[122.46187820689163,-89.98607526943448],[122.62770355930212,-89.98615450604603],[122.7954364218925,-89.98623362534794],[122.96510697332377,-89.98631262530584],[123.13674595759551,-89.98639150384133],[123.31038469486724,-89.9864702588307],[123.48605509242216,-89.98654888810393],[123.6637896557696,-89.9866273894434],[123.84362149988088,-89.98670576058281],[124.02558436055365,-89.98678399920588],[124.20971260589805,-89.98686210294517],[124.3960412479381,-89.98694006938065],[124.58460595432034,-89.98701789603854],[124.77544306012128,-89.98709558038983],[124.96858957974388,-89.98717311984895],[125.16408321889263,-89.98725051177226],[125.36196238661543,-89.98732775345671],[125.56226620739947,-89.98740484213819],[125.76503453330696,-89.98748177499007],[125.97030795613534,-89.9875585491216],[126.17812781958516,-89.98763516157626],[126.38853623141694,-89.98771160933012],[126.60157607557747,-89.98778788929006],[126.81729102427336,-89.98786399829216],[127.03572554996866,-89.98793993309972],[127.2569249372805,-89.98801569040158],[127.48093529474554,-89.98809126681013],[127.70780356642707,-89.98816665885941],[127.93757754333073,-89.98824186300315],[128.17030587459365,-89.98831687561271],[128.40603807840992,-89.988391692975],[128.64482455265212,-89.98846631129042],[128.88671658514534,-89.98854072667062],[129.13176636354723,-89.98861493513631],[129.38002698478462,-89.98868893261496],[129.63155246399273,-89.98876271493855],[129.88639774290007,-89.9888362778411],[130.1446186975981,-89.98890961695635],[130.40627214562977,-89.9889827278152],[130.67141585232767,-89.98905560584325],[130.94010853632724,-89.9891282463582],[131.21240987417556,-89.98920064456726],[131.4883805039519,-89.98927279556443],[131.69076131781287,-89.98933499539781],[131.89551401803428,-89.9893970606089],[132.10267522513857,-89.98945898881969],[132.3122821743265,-89.98952077760137],[132.5243727232897,-89.98958242447297],[132.68103284077708,-89.9896494325158],[132.83973335962978,-89.9897163621693],[133.00051192021198,-89.98978321189287],[133.16340702416744,-89.98984998010722],[133.3284580566418,-89.98991666519318],[133.4317685255084,-89.98998714889372],[133.5365434308436,-89.99005759957899],[133.64281341683503,-89.99012801654217],[133.750609967342,-89.99019839905645],[133.85996543404897,-89.99026874637438],[133.90187219678765,-89.99034117509804],[133.94441217817942,-89.99041359857652],[133.98759979156802,-89.99048601669004],[134.03144988957808,-89.99055842931514],[134.07597778091946,-89.99063083632457],[134.0482978582765,-89.99070347153561],[134.02018200125923,-89.99077610454276],[133.9916198436216,-89.99084873529351],[133.96260068827252,-89.99092136373375],[133.9331134939894,-89.99099398980755],[133.8280896593417,-89.99106488289324],[133.7213862992729,-89.99113574547741],[133.61296355920027,-89.99120657682263],[133.50278033898715,-89.99127737616794],[133.39079424498527,-89.99134814272772],[133.2020042912788,-89.99141514866434],[133.01024621202143,-89.99148205992886],[132.8154538549251,-89.9915488742726],[132.617559238204,-89.99161558937848],[132.41649249355797,-89.99168220285864],[132.1401807479391,-89.99174302159535],[131.85977495288117,-89.99180364545242],[131.5751971735711,-89.99186407007349],[131.28636796241068,-89.99192429098632],[130.993206344769,-89.99198430359964],[130.58739922438141,-89.99205297466513],[130.1745388651672,-89.99212124013674],[129.75448377916072,-89.99218908938005],[129.32709059884053,-89.99225651145397],[128.89221417146663,-89.99232349510311],[128.44970766678452,-89.99239002875031],[127.99942269911536,-89.99245610048912],[127.54120946489901,-89.9925216980765],[127.07491689680205,-89.99258680892545],[126.60039283554569,-89.992651420098],[126.11748422064937,-89.99271551829817],[125.62603730132057,-89.99277908986537],[125.12589786875348,-89.99284212076797],[124.61691151112288,-89.99290459659724],[124.09892389257604,-89.99296650256164],[123.57178105753414,-89.99302782348168],[123.03532976160957,-89.99308854378516],[122.48941783043048,-89.99314864750312],[121.93389454763272,-89.99320811826641],[121.36861107323058,-89.993266939303],[120.79342089351285,-89.99332509343617],[120.20818030351927,-89.99338256308364],[119.61274892304321,-89.99343933025769],[119.00699024696466,-89.99349537656636],[118.39077223055115,-89.99355068321611],[117.7639679101635,-89.99360523101558],[117.12645605956861,-89.99365900038093],[116.47812188179209,-89.99371197134279],[115.81885773613152,-89.9937641235549],[115.14856389960292,-89.99381543630456],[114.46714936169901,-89.99386588852504],[113.77453265090259,-89.99391545881012],[113.07064269092056,-89.9939641254308],[112.3554196840816,-89.9940118663543],[111.62881601877922,-89.9940586592656],[110.89079719724108,-89.99410448159146],[110.14134277927046,-89.99414931052709],[109.38044733694169,-89.9941931230656],[108.60812141454602,-89.99423589603026],[107.82439248738345,-89.99427760610965],[107.02930591229416,-89.99431822989567],[106.22292586212788,-89.99435774392458],[105.4053362356778,-89.99439612472102],[104.57664153397101,-89.99443334884478],[103.73696769322825,-89.99446939294062],[102.88646286429825,-89.99450423379076],[102.02529812795827,-89.99453784837014],[101.15366813516904,-89.994570213904],[100.2717916612022,-89.99460130792794],[99.37991206253821,-89.99463110835],[98.47829762558325,-89.99465959351458],[97.56724179658912,-89.99468674226773],[96.64706328269568,-89.99471253402382],[95.71810601476038,-89.99473694883277],[94.78073896360107,-89.99475996744779],[93.83535580245514,-89.9947815713929],[92.88237440984972,-89.99480174302998],[91.92223620866893,-89.99482046562468],[90.95540533898175,-89.99483772341078],[89.9823676641328,-89.99485350165239],[89.00362961166836,-89.99486778670357],[88.0197168528364,-89.99488056606468],[87.0311728266202,-89.99489182843516],[86.03855711649626,-89.99490156376196],[85.04244369029834,-89.99490976328343],[84.04341901567318,-89.99491641956809],[83.04208006557599,-89.9949215265478],[82.03903223003091,-89.99492507954531],[81.03488715192385,-89.99492707529546],[80.03026050586433,-89.99492751196017],[79.02576974011662,-89.99492638913688],[78.02203180222845,-89.99492370786042],[77.01966086926548,-89.99491947059826],[76.01926610348026,-89.9949136812391],[75.0214494538105,-89.99490634507522],[74.02680352282154,-89.99489746877836],[73.03590951760837,-89.99488706036973],[72.04933530177672,-89.99487512918432],[71.06763356397279,-89.99486168582979],[70.09134011656639,-89.99484674214054],[69.12097233606171,-89.99483031112733],[68.15702775466136,-89.99481240692286],[67.1999828101943,-89.99479304472386],[66.25029175938657,-89.99477224073037],[65.30838575725028,-89.99475001208245],[64.37467210323929,-89.99472637679509],[63.449533652801705,-89.99470135369172],[62.53332839108956,-89.99467496233694],[61.62638916388797,-89.99464722296884],[60.729023559319515,-89.99461815643134],[59.84151393258356,-89.99458778410727],[58.964117564906005,-89.99455612785222],[58.097066947010184,-89.9945232099298],[57.240570176767456,-89.9944890529485],[56.39481146024008,-89.99445367980047],[55.55995170507641,-89.99441711360257],[54.736129195145736,-89.99437937763966],[53.92346033538795,-89.99434049531071],[53.12204045608496,-89.99430049007734],[52.331944666114396,-89.99425938541542],[51.553228745204535,-89.99421720476943],[50.785930065749945,-89.99417397150981],[50.03006853535316,-89.99412970889324],[49.28564755191141,-89.99408444002587],[48.61302203471074,-89.99403432038055],[47.95169363161942,-89.99398339232893],[47.30155191478192,-89.99393167622446],[46.66247863648667,-89.99387919204244],[46.11767006645146,-89.99381631601602],[45.58387639552515,-89.99375289217275],[45.060856821660714,-89.99368893702865],[44.548372979865874,-89.9936244665727],[44.14070975729977,-89.99355170464268],[43.74216359763164,-89.99347862356713],[43.35246934252517,-89.99340523395604],[42.97137020388714,-89.99333154599617],[42.69925432099442,-89.99325179328953],[42.43350106771159,-89.99317189192787],[42.17390090957264,-89.99309184706934],[41.92025289225831,-89.9930116636448],[41.77490095902532,-89.99292765508628],[41.63296249212426,-89.992843602081],[41.494320325961134,-89.99275950617684],[41.35886251986197,-89.99267536885144],[41.32764157280618,-89.9925895819117],[41.29713522263035,-89.99250379282199],[41.26731922969851,-89.99241800165528],[41.238170437686364,-89.99233220848129],[41.30702162603202,-89.99224682892707],[41.37437282904536,-89.99216143842088],[41.44027235613237,-89.99207603731682],[41.5047664717774,-89.99199062595389],[41.65971798519334,-89.99190755089667],[41.81151935503922,-89.99182441785554],[41.9602636100238,-89.9917412285815],[42.106040234194275,-89.99165798475687],[42.33401983263708,-89.9915788437405],[42.557750811029706,-89.99149957188087],[42.777344202668466,-89.99142017280467],[42.992907458238975,-89.99134065001132],[43.28209049640857,-89.99126683218819],[43.566418721146476,-89.99119279562723],[43.84599971164766,-89.99111854579871],[44.1209383892591,-89.99104408800697],[44.43806554508669,-89.99097027945518],[44.750040988944406,-89.99089619876594],[45.05697118777388,-89.99082185252882],[45.358960351402956,-89.9907472471449],[45.65611045989555,-89.9906723888324],[45.948521292799875,-89.99059728363228],[46.23629046004108,-89.99052193741363],[46.519513434225786,-89.99044635587894],[46.79828358414529,-89.99037054456919],[47.07269220928301,-89.9902945088688],[47.342828575148104,-89.99021825401051],[47.60877994927376,-89.99014178507997],[47.870631637732586,-89.99006510702033],[48.12846702203567,-89.98998822463659],[48.38236759629412,-89.98991114259996],[48.6324130045336,-89.98983386545187],[48.878681078063394,-89.98975639760803],[49.12124787281072,-89.98967874336235],[49.360187706541126,-89.98960090689064],[49.595573195893266,-89.98952289225427],[49.82747529316477,-89.98944470340372],[50.05596332279262,-89.98936634418195],[50.28110501747808,-89.98928781832774],[50.502966553912295,-89.98920912947887],[50.721612588064055,-89.98913028117524],[50.93710628999608,-89.98905127686182],[51.149509378181186,-89.98897211989159],[51.35888215329314,-89.98889281352837],[51.56528353145181,-89.98881336094945],[51.76877107690454,-89.9887337652483],[51.96940103412989,-89.98865402943707],[52.167228359351746,-89.98857415644905],[52.362306751455506,-89.98849414914105],[52.554688682298874,-89.98841401029573],[52.74442542641383,-89.98833374262378],[52.93156709009625,-89.98825334876614],[53.11616263988292,-89.98817283129597],[53.29825993041628,-89.98809219272081],[53.47790573169905,-89.9880114354844],[53.65514575574197,-89.98793056196865],[53.83002468260886,-89.98784957449543],[54.002586185864516,-89.98776847532837],[54.17287295743122,-89.98768726667448],[54.34092673186113,-89.98760595068596],[54.506788310031816,-89.98752452946161],[54.67049758227289,-89.98744300504855],[54.832093550932655,-89.98736137944358],[54.99161435239347,-89.98727965459474],[55.14909727854515,-89.98719783240267],[55.30457879772603,-89.98711591472193],[55.45809457514161,-89.98703390336235],[55.60967949277053,-89.98695180009034],[55.75936766876834,-89.98686960663005],[55.907192476379045,-89.98678732466462],[56.05318656236482,-89.9867049558373],[56.197381864964356,-89.98662250175256],[56.33980963138981,-89.98653996397728],[56.48050043487331,-89.9864573440416],[56.61948419127252,-89.98637464344013],[56.756790175246145,-89.98629186363283],[56.89244703600903,-89.98620900604597],[57.026482812677244,-89.9861260720731],[57.15892494921284,-89.98604306307593],[57.289800308978,-89.98595998038512],[57.41913518890859,-89.98587682530126],[57.546955333316255,-89.98579359909557],[57.67328594732866,-89.98571030301072],[57.79815170997686,-89.98562693826163],[57.921576786939184,-89.9855435060362],[58.04358484295007,-89.98546000749594],[58.16419905388297,-89.98537644377684],[58.28344211851545,-89.98529281598988],[58.401336269985244,-89.9852091252218],[58.517903286945064,-89.98512537253566],[58.633164504424556,-89.98504155897152],[58.747140824406536,-89.98495768554697],[58.859852726126284,-89.98487375325777],[58.97132027610001,-89.98478976307841],[59.081563137890825,-89.98470571596259],[59.19060058161876,-89.98462161284385],[59.29845149322216,-89.98453745463603],[59.40513438347673,-89.98445324223371],[59.51066739677921,-89.98436897651287],[59.615068319702154,-89.98428465833115],[59.71835458932562,-89.98420028852848],[59.820543301352416,-89.9841158679274],[59.92165121801252,-89.9840313973336],[60.02169477576249,-89.98394687753623],[60.120690092785516,-89.9838623093084],[60.21865297629777,-89.98377769340753],[60.315598929666066,-89.98369303057574],[60.411543159342344,-89.98360832154022],[60.50650058161964,-89.98352356701358],[60.60048582921501,-89.98343876769427],[60.69351325768351,-89.98335392426684],[60.78559695166852,-89.98326903740231],[60.87675073099234,-89.98318410775849],[60.96698815659204,-89.9830991359803],[61.056322536304215,-89.98301412270007],[61.14476693050332,-89.98292906853784],[61.23233415759732,-89.98284397410166],[61.31903679938459,-89.98275883998784],[61.404887206275966,-89.98267366678125],[61.489897502385716,-89.98258845505562],[61.57407959049464,-89.98250320537369],[61.657445156889416,-89.9824179182876],[61.74000567608085,-89.98233259433903],[61.821772415405064,-89.98224723405949],[61.9027564395102,-89.98216183797052],[61.9829686147321,-89.982076406584],[62.06241961336206,-89.98199094040223],[62.141119917809114,-89.98190543991826],[62.21907982466024,-89.98181990561606],[62.296309448641104,-89.98173433797074],[62.372818726479615,-89.9816487374487],[62.448617420675696,-89.98156310450784],[62.52371512317902,-89.98147743959784],[62.59812125897768,-89.98139174316019],[62.68735007102139,-89.9813118908208],[62.7758193841795,-89.98123199354295],[62.86353843790525,-89.9811520518981],[62.950516329674706,-89.98107206644843],[63.07231641463068,-89.98099727093951],[63.193160897520585,-89.98092239022934],[63.31305991780082,-89.98084742531725],[63.432023490014146,-89.9807723771881],[63.58250151595703,-89.98070410803001],[63.73191748662951,-89.98063570671468],[63.88028059539661,-89.98056717463766],[64.02759996299727,-89.9804985131775],[64.20273781616358,-89.98043805379668],[64.37679480616399,-89.98037741276394],[64.54977772500473,-89.98031659175821],[64.72169335945163,-89.98025559244266],[64.91743149205898,-89.98020403559427],[65.11215044884834,-89.98015224891037],[65.30585370629169,-89.98010023418527],[65.49854479756044,-89.98004799320252],[65.71083498226679,-89.98000623914987],[65.92223745257584,-89.97996421176448],[66.13275204514206,-89.97992191276276],[66.34237869387529,-89.97987934385773],[66.56721304779278,-89.97984810024039],[66.79134787319076,-89.97981654727631],[67.01477960195615,-89.97978468641406],[67.23750477385946,-89.97975251910712],[67.47092717388516,-89.97973230173707],[67.70388049502284,-89.97971174864982],[67.93635847145332,-89.97969086086462],[68.16835492550493,-89.97966963941309],[68.40646000710021,-89.97966077348076],[68.6443534934231,-89.97965155659986],[68.88202747537011,-89.97964198924703],[69.11947408864144,-89.97963207191616],[69.35839814482459,-89.97963469327318],[69.59737955912607,-89.9796369604104],[69.83641003421326,-89.97963887320951],[70.07548126251591,-89.97964043157062],[70.3113886672223,-89.97965448789631],[70.54761825395903,-89.97966819883794],[70.78416263565266,-89.97968156369632],[71.02101436260793,-89.97969458178807],[71.26638434756873,-89.97971452991065],[71.5122328673203,-89.9797341052708],[71.7585522440244,-89.97975330678726],[72.00533470079009,-89.97977213339544],[72.25257236273495,-89.97979058404758],[72.50025725809492,-89.97980865771302],[72.7483813193819,-89.97982635337856],[72.99693638458955,-89.9798436700486],[73.24591419844663,-89.97986060674553],[73.495306413718,-89.97987716250992],[73.74510459255289,-89.9798933364008],[73.99530020788002,-89.9799091274959],[74.24588464484928,-89.97992453489191],[74.4968492023197,-89.97993955770474],[74.74818509439295,-89.97995419506972],[74.99988345199236,-89.97996844614191],[75.25193532448633,-89.97998231009628],[75.50433168135606,-89.97999578612793],[75.75706341390678,-89.98000887345239],[76.0101213370218,-89.98002157130576],[76.26349619095865,-89.98003387894494],[76.51717864318682,-89.98004579564791],[76.7711592902659,-89.98005732071385],[77.02542865976368,-89.9800684534634],[77.27997721221307,-89.98007919323881],[77.5347953431072,-89.98008953940416],[77.78987338493141,-89.98009949134557],[78.04520160923151,-89.98010904847128],[78.30077022871694,-89.98011821021196],[78.55656939939816,-89.98012697602077],[78.81258922275674,-89.98013534537355],[79.06881974794743,-89.980143317769],[79.32525097403074,-89.98015089272883],[79.58187285223494,-89.98015806979782],[79.83867528824642,-89.98016484854409],[80.09564814452673,-89.9801712285591],[80.35278124265555,-89.98017720945786],[80.6100643656978,-89.98018279087901],[80.86748726059375,-89.98018797248494],[81.12503964057096,-89.98019275396184],[81.3827111875761,-89.9801971350199],[81.64049155472593,-89.98020111539331],[81.89837036877539,-89.98020469484034],[82.15633723260176,-89.98020787314348],[82.41438172770322,-89.98021065010947],[82.67249341671034,-89.9802130255693],[82.93066184590897,-89.98021499937838],[83.18887654777328,-89.98021657141646],[83.44712704350684,-89.98021774158778],[83.70540284559088,-89.98021850982101],[83.96369346033775,-89.98021887606934],[84.22198839044799,-89.98021884031044],[84.48027713756987,-89.98021840254647],[84.7385492048594,-89.98021756280413],[84.99679409953941,-89.98021632113459],[85.25500133545627,-89.98021467761356],[85.51316043563247,-89.98021263234114],[85.77126093481363,-89.98021018544189],[86.02929238200838,-89.9802073370648],[86.2872443430197,-89.98020408738313],[86.54510640296577,-89.9802004365945],[86.80286816878943,-89.98019638492075],[87.06051927175417,-89.98019193260785],[87.31804936992563,-89.98018707992593],[87.57544815063665,-89.98018182716905],[87.83270533293496,-89.98017617465527],[88.08981067001176,-89.98017012272643],[88.34675395160957,-89.98016367174812],[88.60352500640855,-89.98015682210949],[88.86011370438936,-89.98014957422328],[89.11650995917164,-89.98014192852553],[89.37270373032636,-89.98013388547552],[89.62868502566123,-89.98012544555571],[89.88444390347755,-89.98011660927146],[90.13997047479751,-89.98010737715096],[90.39525490556055,-89.98009774974507],[90.65028741878781,-89.98008772762714],[90.90505829671348,-89.98007731139283],[91.15955788288178,-89.98006650166002],[91.41377658420889,-89.98005529906848],[91.6677048730085,-89.98004370427982],[91.92133328898002,-89.98003171797725],[92.17465244115884,-89.98001934086537],[92.42765300982728,-89.98000657366998],[92.68032574838563,-89.97999341713788],[92.93266148518256,-89.97997987203662],[93.1846511253038,-89.97996593915438],[93.43628565231862,-89.97995161929961],[93.68755612998338,-89.97993691330092],[93.93845370390142,-89.97992182200677],[94.18896960313864,-89.97990634628532],[94.43909514179443,-89.97989048702406],[94.68882172052705,-89.97987424512972],[94.93814082803351,-89.97985762152791],[95.18704404248294,-89.97984061716289],[95.43552303290338,-89.97982323299736],[95.68356956052168,-89.97980547001217],[95.93117548005604,-89.979787329206],[96.17833274096094,-89.97976881159525],[96.4250333886243,-89.9797499182136],[96.67126956551671,-89.97973065011183],[96.9170335122925,-89.97971100835755],[97.16231756884251,-89.97969099403488],[97.40711417529882,-89.9796706082442],[97.65141587299082,-89.97964985210187],[97.89521530535336,-89.97962872673993],[98.1385052187864,-89.97960723330584],[98.38127846346661,-89.97958537296218],[98.62352799411102,-89.9795631468863],[98.8652468706928,-89.9795405562702],[99.10642825910931,-89.97951760232002],[99.34706543180297,-89.97949428625591],[99.58715176833476,-89.97947060931169],[99.82668075591108,-89.97944657273452],[100.06564598986404,-89.97942217778463],[100.30404117408573,-89.97939742573504],[100.54186012141659,-89.97937231787128],[100.77909675398878,-89.97934685549099],[101.01574510352451,-89.97932103990375],[101.25179931158998,-89.97929487243074],[101.48725362980572,-89.97926835440438],[101.72210242001353,-89.97924148716814],[101.95634015440048,-89.97921427207615],[102.18996141558112,-89.97918671049297],[102.42296089663787,-89.97915880379324],[102.65533340112059,-89.97913055336146],[102.88707384300575,-89.9791019605916],[103.11817724661633,-89.97907302688691],[103.34863874650227,-89.97904375365952],[103.57845358728318,-89.97901414233026],[103.8076171234532,-89.97898419432825],[104.03612481914918,-89.97895391109076],[104.26397224788292,-89.97892329406277],[104.49115509223796,-89.97889234469679],[104.71766914353188,-89.97886106445256],[104.94351030144497,-89.97882945479672],[105.16867457361576,-89.97879751720258],[105.39315807520455,-89.97876525314983],[105.57923589983142,-89.97874442299316],[105.76494742010172,-89.97872336908652],[105.95028982603894,-89.97870209209349],[106.13526034972419,-89.97868059268194],[106.31985626534063,-89.97865887152412],[106.51118503861355,-89.97864822649196],[106.7023210022625,-89.97863734360418],[106.89326019996945,-89.97862622322411],[107.0839987010389,-89.97861486572228],[107.27453260082692,-89.97860327147623],[107.46752590324971,-89.97860300191972],[107.66051215359307,-89.97860248960261],[107.85348697369508,-89.97860173454231],[108.04644598694959,-89.97860073676452],[108.23938481890168,-89.97859949630319],[108.43048724817893,-89.97860959738114],[108.6217681190488,-89.97861946027463],[108.81322341184944,-89.97862908465386],[109.0048490840051,-89.97863847019646],[109.1966410704959,-89.97864761658748],[109.38231750780213,-89.97866788948136],[109.5683452366916,-89.97868793792249],[109.75472132188635,-89.97870776127684],[109.94144278761766,-89.97872735891517],[110.12850661773378,-89.97874673021305],[110.30523250573495,-89.97877678330278],[110.48245791642036,-89.97880663390704],[110.6601815650352,-89.97883628116907],[110.83840212124096,-89.97886572423309],[111.01711820878798,-89.97889496224451],[111.18137445401216,-89.97893421234853],[111.34624257051631,-89.97897328867546],[111.51172323812665,-89.97901219025468],[111.67781710085329,-89.97905091611267],[111.84452476626409,-89.97908946527313],[111.99280117319495,-89.97913713919421],[112.14175578490344,-89.97918467275126],[112.29139123780215,-89.9792320649805],[112.44171015530914,-89.97927931491216],[112.59271514722698,-89.97932642157062],[112.72152684194361,-89.9793815583549],[112.85102864855016,-89.97943659036781],[112.98122479403463,-89.97949151676593],[113.11211952215041,-89.9795463366984],[113.24371709314478,-89.9796010493069],[113.34963911288077,-89.97966250383512],[113.4562028426161,-89.97972388843574],[113.56341338761148,-89.97978520247176],[113.67127589717279,-89.97984644529912],[113.77979556493855,-89.97990761626669],[113.85952150758747,-89.97997406506533],[113.9397781382723,-89.98004047483128],[114.02057045528993,-89.98010684517365],[114.10190351536279,-89.98017317569649],[114.18378243441201,-89.98023946599884]]],"type":"Polygon"},"properties":{"name":"fence_region_of_interest","role":"fence"},"type":"Feature"},{"geometry":{"coordinates":[[[-97.76338800519625,-89.9864293512372],[-97.61856693897721,-89.98636809413681],[-97.475042509809,-89.98630675072465],[-97.33279915862754,-89.98624532215551],[-97.19182153971464,-89.98618380956528],[-97.0139823196702,-89.98612824066973],[-96.83756391122986,-89.98607253919985],[-96.66255266057313,-89.98601670673993],[-96.48893502578461,-89.98596074485278],[-96.28308523016176,-89.98591194607529],[-96.07865919132573,-89.98586296670736],[-95.87564734007474,-89.98581380861954],[-95.67404009710391,-89.9857644736633],[-95.44514823580445,-89.98572335417691],[-95.21757470067284,-89.98568200815522],[-94.99131525344225,-89.98564043755505],[-94.76636554070998,-89.98559864432116],[-94.51931100826764,-89.98556594146405],[-94.27337798318068,-89.98553297145628],[-94.0285678466197,-89.98549973612018],[-93.78488180317709,-89.98546623727596],[-93.52443580257439,-89.98544251843181],[-93.2648424664706,-89.98541849977089],[-93.00610821962208,-89.98539418277228],[-92.7482393041905,-89.98536956892357],[-92.47906748548994,-89.98535523371378],[-92.21042803124818,-89.98534057592165],[-91.94233113939737,-89.98532559651386],[-91.67478687169181,-89.98531029647427],[-91.40146639630517,-89.98530557884409],[-91.12832757406402,-89.9853005270443],[-90.85538262566998,-89.98529514141933],[-90.58264371928782,-89.9852894223358],[-90.30968907730565,-89.98529439229006],[-90.03655607938597,-89.98529902827508],[-89.76325697614125,-89.9853033299748],[-89.4898040633205,-89.98530729709559],[-89.22169712513288,-89.98532186195828],[-88.95306347837719,-89.98533610478964],[-88.68391341421028,-89.9853500246504],[-88.41425735455338,-89.98536362061911],[-88.15547780264349,-89.98538752577872],[-87.89585548300667,-89.9854111318812],[-87.63539698511802,-89.98543443747249],[-87.37410907919512,-89.98545744110783],[-87.12916154688659,-89.98549027028301],[-86.8831076035423,-89.98552283306643],[-86.63594887290614,-89.98555512765653],[-86.38768715779707,-89.98558715225049],[-86.16112110923926,-89.98562832738597],[-85.93325668476577,-89.98566927650697],[-85.70408996159081,-89.9857099976705],[-85.4736171386328,-89.98575048892225],[-85.27003476789757,-89.98579926992032],[-85.06505153123658,-89.985847870398],[-84.85865822134038,-89.98589628848913],[-84.65084565017516,-89.98594452230886],[-84.47489187867733,-89.98600000693408],[-84.29753956968565,-89.9860553584772],[-84.11877542202151,-89.98611057534713],[-83.93858603184837,-89.98616565593133],[-83.79491311069953,-89.98622678041515],[-83.6499602073081,-89.98628781752278],[-83.50371202064439,-89.98634876608216],[-83.35615304251871,-89.98640962490197],[-83.2493504970992,-89.9864751660367],[-83.14150816308528,-89.98654065971901],[-83.03261155711132,-89.98660610525282],[-82.92264594171299,-89.98667150192888],[-82.85712501208874,-89.98674008179181],[-82.79092290238916,-89.98680864413419],[-82.72402911395938,-89.98687718868139],[-82.65643293515713,-89.98694571515313],[-82.63625398319967,-89.98701581003894],[-82.61585597992394,-89.98708590329676],[-82.59523534427396,-89.98715599489991],[-82.57438841682558,-89.98722608482117],[-82.60302116612235,-89.98729604045198],[-82.63197099238482,-89.98736599287501],[-82.66124317683845,-89.98743594203671],[-82.69084311830721,-89.98750588788228],[-82.77085474818415,-89.98757394342167],[-82.85174746673673,-89.98764197446191],[-82.93353558049249,-89.98770998059615],[-83.01623369985724,-89.98777796140867],[-83.02293577547506,-89.98778122855992],[-82.74959418335368,-89.9878483764012],[-82.47322129760009,-89.98791524460566],[-82.19377948956706,-89.98798182850565],[-81.9112308743694,-89.9880481233496],[-81.62553732454941,-89.98811412430076],[-81.33666048479095,-89.9881798264361],[-81.04456178772926,-89.98824522474494],[-80.7492024709052,-89.98831031412806],[-80.45054359491232,-89.98837508939624],[-80.14854606278763,-89.98843954526942],[-79.84317064069629,-89.98850367637534],[-79.5343779799633,-89.98856747724865],[-79.22212864050428,-89.98863094232973],[-78.90638311570845,-89.98869406596377],[-78.58710185882909,-89.98875684239967],[-78.26424531093427,-89.9888192657892],[-77.93777393047357,-89.98888133018608],[-77.60764822451532,-89.98894302954503],[-77.27382878170836,-89.9890043577211],[-76.93627630702358,-89.98906530846885],[-76.59495165832755,-89.9891258754417],[-76.24981588484275,-89.98918605219129],[-75.90083026754468,-89.9892458321669],[-75.54795636154759,-89.98930520871511],[-75.19115604052581,-89.98936417507927],[-74.8303915432196,-89.98942272439926],[-74.46562552206706,-89.98948084971133],[-74.09682109400562,-89.9895385439479],[-73.72394189347982,-89.9895957999377],[-73.34695212769003,-89.98965261040576],[-72.96581663411258,-89.98970896797371],[-72.5805009403156,-89.98976486516017],[-72.19097132609195,-89.98982029438122],[-71.79719488792182,-89.98987524795103],[-71.39913960577495,-89.98992971808273],[-70.99677441225022,-89.98998369688928],[-70.59006926404841,-89.99003717638465],[-70.17899521576062,-89.99009014848508],[-69.76352449594934,-89.9901426050106],[-69.3436305854866,-89.99019453768663],[-68.91928829810544,-89.99024593814595],[-68.49047386310862,-89.99029679793063],[-68.0571650101661,-89.99034710849446],[-67.6193410561213,-89.99039686120538],[-67.17698299371222,-89.99044604734826],[-66.73007358209937,-89.9904946581278],[-66.27859743907717,-89.99054268467191],[-65.8225411348317,-89.990590118035],[-65.36189328708937,-89.99063694920191],[-64.89664465748648,-89.9906831690918],[-64.42678824897062,-89.99072876856242],[-63.95231940402912,-89.9907737384148],[-63.47323590351977,-89.990818069398],[-62.989538065862114,-89.99086175221424],[-62.50122884632866,-89.99090477752443],[-62.008313936156,-89.99094713595383],[-61.51080186117859,-89.9909888180981],[-61.00870407966769,-89.99102981452967],[-60.5020350790416,-89.99107011580436],[-59.990812471093975,-89.99110971246836],[-59.475057085370885,-89.99114859506547],[-58.95479306031099,-89.99118675414462],[-58.43004793174676,-89.9912241802678],[-57.90085271835178,-89.99126086401819],[-57.36724200360634,-89.9912967960085],[-56.82925401384084,-89.99133196688982],[-56.28693069190912,-89.99136636736056],[-55.7403177660356,-89.99139998817566],[-55.18946481337411,-89.99143282015613],[-54.63442531781583,-89.99146485419881],[-54.07525672158141,-89.99149608128623],[-53.51202047013639,-89.99152649249687],[-52.94478204997521,-89.99155607901547],[-52.37361101882698,-89.99158483214352],[-51.79858102784959,-89.99161274330994],[-51.21976983539365,-89.9916398040819],[-50.63725931193827,-89.99166600617556],[-50.051135435823014,-89.9916913414672],[-49.4614882794266,-89.99171580200407],[-48.86841198547453,-89.99173938001543],[-48.27200473319028,-89.99176206792362],[-47.67236869404419,-89.99178385835485],[-47.06960997689295,-89.9918047441502],[-46.463838562347966,-89.99182471837634],[-45.85516822625911,-89.99184377433606],[-45.243716452247746,-89.9918619055788],[-44.629604333278834,-89.9918791059108],[-44.012956462313895,-89.9918953694051],[-43.393900812144715,-89.99191069041117],[-42.77256860456534,-89.99192506356432],[-42.14909416909844,-89.99193848379466],[-41.523614791551616,-89.99195094633575],[-40.896270552738784,-89.99196244673278],[-40.26720415775928,-89.99197298085035],[-39.636560756286656,-89.99198254487966],[-39.00448775437378,-89.99199113534533],[-38.37113461833386,-89.99199874911159],[-37.73665267130999,-89.99200538338793],[-37.101194883191944,-89.99201103573415],[-36.464915654582825,-89.99201570406483],[-35.827970595559016,-89.99201938665314],[-35.19051630000109,-89.99202208213404],[-34.55271011630313,-89.99202378950679],[-33.91470991529445,-89.99202450813677],[-33.27667385622457,-89.99202423775672],[-32.63876015167725,-89.99202297846722],[-32.00112683228657,-89.99202073073648],[-31.363931512128516,-89.99201749539948],[-30.727331155658486,-89.99201327365641],[-30.091481847052766,-89.9920080670705],[-29.456538562796098,-89.99200187756507],[-28.822654948336012,-89.99199470742003],[-28.189983099595036,-89.9919865592677],[-27.55867335010163,-89.99197743608805],[-26.928874064459237,-89.99196734120325],[-26.300731438835488,-89.99195627827177],[-25.674389309102672,-89.9919442512819],[-25.04998896721557,-89.99193126454456],[-24.427668986356377,-89.99191732268596],[-23.80756505532417,-89.99190243063951],[-23.18980982258882,-89.99188659363736],[-22.574532750369745,-89.99186981720162],[-22.050561989825685,-89.99186113229523],[-21.527751899162816,-89.99185176820892],[-21.001316535890123,-89.9918542386466],[-20.474606257622746,-89.99185602103658],[-19.955977113998053,-89.99186959033442],[-19.435656735605924,-89.99188249127327],[-18.935086830740733,-89.99190688183589],[-18.431529335619242,-89.99193065095979],[-17.95929418264106,-89.99196536473409],[-17.482993407003963,-89.99199952798863],[-17.04941165214416,-89.99204384705114],[-16.610997814537214,-89.99208770540794],[-16.117560474812347,-89.992145035364],[-15.616905183259995,-89.99220177418951],[-15.10895054634998,-89.99225790888795],[-14.593617370139288,-89.99231342622356],[-14.070828919024704,-89.99236831272316],[-13.540511187120996,-89.99242255467856],[-13.002593182273674,-89.99247613814953],[-12.457007222644538,-89.99252904896765],[-11.903689245724392,-89.9925812727407],[-11.342579129537251,-89.99263279485793],[-10.773621025701996,-89.99268360049612],[-10.196763703906738,-89.99273367462656],[-9.61196090723535,-89.99278300202285],[-9.01917171765736,-89.99283156726968],[-8.418360930858181,-89.99287935477267],[-7.809499439440486,-89.99292634876919],[-7.192564623377862,-89.99297253334022],[-6.5675407464401205,-89.99301789242344],[-5.934419357145355,-89.99306240982729],[-5.293199692623202,-89.99310606924638],[-4.643889083597941,-89.99314885427799],[-3.9865033585251086,-89.9931907484398],[-3.321067244737441,-89.9932317351889],[-2.6476147642820926,-89.99327179794196],[-1.9661896219608639,-89.99331092009677],[-1.2768455829219882,-89.99334908505489],[-0.5796468370001024,-89.99338627624557],[0.12533165313901873,-89.99342247715094],[0.8380038231146669,-89.99345767133222],[1.558272200376043,-89.99349184245719],[2.2860276234242383,-89.9935249743287],[3.021148990008737,-89.99355705091409],[3.7635030376199485,-89.99358805637576],[4.512944159583694,-89.99361797510231],[5.269314260014773,-89.99364679174069],[6.032442650797192,-89.99367449122875],[6.8021459936238235,-89.99370105882855],[7.578228289954443,-89.99372648015982],[8.36048092152734,-89.99375074123387],[9.14868274379118,-89.99377382848739],[9.942600234311648,-89.99379572881637],[10.741987697847703,-89.99381642960958],[11.54658752939153,-89.99383591878187],[12.356130536026281,-89.9938541848066],[13.170336317980038,-89.99387121674746],[13.988913708747118,-89.99388700428929],[14.811561273617926,-89.99390153776768],[15.637967865408772,-89.99391480819725],[16.46781323562517,-89.9939268072984],[17.30076869872896,-89.9939375275223],[18.136497846625524,-89.99394696207412],[18.974657309947734,-89.99395510493402],[19.8148975621965,-89.99396195087608],[20.65686376231587,-89.99396749548494],[21.50019663083979,-89.99397173516981],[22.344533354355782,-89.99397466717608],[23.18950851269657,-89.99397628959423],[24.034755022999473,-89.99397660136606],[24.879905094569935,-89.99397560228806],[25.724591188355515,-89.99397329301217],[26.5684469747801,-89.99396967504359],[27.411108283708113,-89.99396475073586],[28.252214040404507,-89.99395852328334],[29.09140718152413,-89.9939509967108],[29.928335545405094,-89.9939421758605],[30.762652731243957,-89.99393206637686],[31.59401892209774,-89.99392067468858],[32.42210166707469,-89.99390800798865],[33.24657661853994,-89.99389407421204],[34.06712822066356,-89.99387888201164],[34.8834503461678,-89.99386244073236],[35.69524687867907,-89.99384476038341],[36.50223223865037,-89.99382585160942],[37.30413185138075,-89.99380572566014],[38.10068255621289,-89.99378439435908],[38.89163295653151,-89.99376187007135],[39.676743710702354,-89.99373816567072],[40.455787764584095,-89.99371329450624],[41.22855052670251,-89.99368727036847],[41.99482998759654,-89.99366010745568],[42.75443678522473,-89.99363182033987],[43.50719421865619,-89.99360242393315],[44.25293821255931,-89.9935719334543],[43.923653198811216,-89.99351214646391],[43.6003920873898,-89.99345214910193],[43.28301110160398,-89.99339194709854],[42.97137020388714,-89.99333154599617],[42.69925432099442,-89.99325179328953],[42.43350106771159,-89.99317189192787],[42.17390090957264,-89.99309184706934],[41.92025289225831,-89.9930116636448],[41.77490095902532,-89.99292765508628],[41.63296249212426,-89.992843602081],[41.494320325961134,-89.99275950617684],[41.35886251986197,-89.99267536885144],[41.32764157280618,-89.9925895819117],[41.29713522263035,-89.99250379282199],[41.26731922969851,-89.99241800165528],[41.238170437686364,-89.99233220848129],[41.30702162603202,-89.99224682892707],[41.37437282904536,-89.99216143842088],[41.44027235613237,-89.99207603731682],[41.5047664717774,-89.99199062595389],[41.65971798519334,-89.99190755089667],[41.81151935503922,-89.99182441785554],[41.9602636100238,-89.9917412285815],[42.106040234194275,-89.99165798475687],[42.33401983263708,-89.9915788437405],[42.557750811029706,-89.99149957188087],[42.777344202668466,-89.99142017280467],[42.992907458238975,-89.99134065001132],[43.28209049640857,-89.99126683218819],[43.566418721146476,-89.99119279562723],[43.84599971164766,-89.99111854579871],[44.1209383892591,-89.99104408800697],[44.43806554508669,-89.99097027945518],[44.750040988944406,-89.99089619876594],[45.05697118777388,-89.99082185252882],[45.358960351402956,-89.9907472471449],[45.65611045989555,-89.9906723888324],[45.948521292799875,-89.99059728363228],[46.23629046004108,-89.99052193741363],[46.519513434225786,-89.99044635587894],[46.79828358414529,-89.99037054456919],[47.07269220928301,-89.9902945088688],[47.342828575148104,-89.99021825401051],[47.60877994927376,-89.99014178507997],[47.870631637732586,-89.99006510702033],[48.12846702203567,-89.98998822463659],[48.38236759629412,-89.98991114259996],[48.6324130045336,-89.98983386545187],[48.878681078063394,-89.98975639760803],[49.12124787281072,-89.98967874336235],[49.360187706541126,-89.98960090689064],[49.595573195893266,-89.98952289225427],[49.82747529316477,-89.98944470340372],[50.05596332279262,-89.98936634418195],[50.28110501747808,-89.98928781832774],[50.502966553912295,-89.98920912947887],[50.721612588064055,-89.98913028117524],[50.93710628999608,-89.98905127686182],[51.149509378181186,-89.98897211989159],[51.35888215329314,-89.98889281352837],[51.56528353145181,-89.98881336094945],[51.76877107690454,-89.9887337652483],[51.96940103412989,-89.98865402943707],[52.167228359351746,-89.98857415644905],[52.362306751455506,-89.98849414914105],[52.554688682298874,-89.98841401029573],[52.74442542641383,-89.98833374262378],[52.93156709009625,-89.98825334876614],[53.11616263988292,-89.98817283129597],[53.29825993041628,-89.98809219272081],[53.47790573169905,-89.9880114354844],[53.65514575574197,-89.98793056196865],[53.83002468260886,-89.98784957449543],[54.002586185864516,-89.98776847532837],[54.17287295743122,-89.98768726667448],[54.34092673186113,-89.98760595068596],[54.506788310031816,-89.98752452946161],[54.67049758227289,-89.98744300504855],[54.832093550932655,-89.98736137944358],[54.99161435239347,-89.98727965459474],[55.14909727854515,-89.98719783240267],[55.30457879772603,-89.98711591472193],[55.45809457514161,-89.98703390336235],[55.60967949277053,-89.98695180009034],[55.75936766876834,-89.98686960663005],[55.907192476379045,-89.98678732466462],[56.05318656236482,-89.9867049558373],[56.197381864964356,-89.98662250175256],[56.33980963138981,-89.98653996397728],[56.48050043487331,-89.9864573440416],[56.61948419127252,-89.98637464344013],[56.756790175246145,-89.98629186363283],[56.89244703600903,-89.98620900604597],[57.026482812677244,-89.9861260720731],[57.15892494921284,-89.98604306307593],[57.289800308978,-89.98595998038512],[57.41913518890859,-89.98587682530126],[57.546955333316255,-89.98579359909557],[57.67328594732866,-89.98571030301072],[57.79815170997686,-89.98562693826163],[57.921576786939184,-89.9855435060362],[58.04358484295007,-89.98546000749594],[58.16419905388297,-89.98537644377684],[58.28344211851545,-89.98529281598988],[58.401336269985244,-89.9852091252218],[58.517903286945064,-89.98512537253566],[58.633164504424556,-89.98504155897152],[58.747140824406536,-89.98495768554697],[58.859852726126284,-89.98487375325777],[58.97132027610001,-89.98478976307841],[59.081563137890825,-89.98470571596259],[59.19060058161876,-89.98462161284385],[59.29845149322216,-89.98453745463603],[59.40513438347673,-89.98445324223371],[59.51066739677921,-89.98436897651287],[59.615068319702154,-89.98428465833115],[59.71835458932562,-89.98420028852848],[59.820543301352416,-89.9841158679274],[59.92165121801252,-89.9840313973336],[60.02169477576249,-89.98394687753623],[60.120690092785516,-89.9838623093084],[60.21865297629777,-89.98377769340753],[60.315598929666066,-89.98369303057574],[60.411543159342344,-89.98360832154022],[60.50650058161964,-89.98352356701358],[60.60048582921501,-89.98343876769427],[60.69351325768351,-89.98335392426684],[60.78559695166852,-89.98326903740231],[60.87675073099234,-89.98318410775849],[60.96698815659204,-89.9830991359803],[61.056322536304215,-89.98301412270007],[61.14476693050332,-89.98292906853784],[61.23233415759732,-89.98284397410166],[61.31903679938459,-89.98275883998784],[61.404887206275966,-89.98267366678125],[61.489897502385716,-89.98258845505562],[61.57407959049464,-89.98250320537369],[61.657445156889416,-89.9824179182876],[61.74000567608085,-89.98233259433903],[61.821772415405064,-89.98224723405949],[61.9027564395102,-89.98216183797052],[61.9829686147321,-89.982076406584],[62.06241961336206,-89.98199094040223],[62.141119917809114,-89.98190543991826],[62.21907982466024,-89.98181990561606],[62.296309448641104,-89.98173433797074],[62.372818726479615,-89.9816487374487],[62.448617420675696,-89.98156310450784],[62.52371512317902,-89.98147743959784],[62.59812125897768,-89.98139174316019],[62.68735007102139,-89.9813118908208],[62.7758193841795,-89.98123199354295],[62.86353843790525,-89.9811520518981],[62.950516329674706,-89.98107206644843],[63.07231641463068,-89.98099727093951],[63.193160897520585,-89.98092239022934],[63.31305991780082,-89.98084742531725],[63.432023490014146,-89.9807723771881],[63.58250151595703,-89.98070410803001],[63.73191748662951,-89.98063570671468],[63.88028059539661,-89.98056717463766],[64.02759996299727,-89.9804985131775],[64.20273781616358,-89.98043805379668],[64.37679480616399,-89.98037741276394],[64.54977772500473,-89.98031659175821],[64.72169335945163,-89.98025559244266],[64.91743149205898,-89.98020403559427],[65.11215044884834,-89.98015224891037],[65.30585370629169,-89.98010023418527],[65.49854479756044,-89.98004799320252],[65.71083498226679,-89.98000623914987],[65.92223745257584,-89.97996421176448],[66.13275204514206,-89.97992191276276],[66.34237869387529,-89.97987934385773],[66.56721304779278,-89.97984810024039],[66.79134787319076,-89.97981654727631],[67.01477960195615,-89.97978468641406],[67.23750477385946,-89.97975251910712],[67.47092717388516,-89.97973230173707],[67.70388049502284,-89.97971174864982],[67.93635847145332,-89.97969086086462],[68.16835492550493,-89.97966963941309],[68.40646000710021,-89.97966077348076],[68.6443534934231,-89.97965155659986],[68.88202747537011,-89.97964198924703],[69.11947408864144,-89.97963207191616],[69.35839814482459,-89.97963469327318],[69.59737955912607,-89.9796369604104],[69.83641003421326,-89.97963887320951],[70.07548126251591,-89.97964043157062],[70.3113886672223,-89.97965448789631],[70.54761825395903,-89.97966819883794],[70.78416263565266,-89.97968156369632],[71.02101436260793,-89.97969458178807],[71.26638434756873,-89.97971452991065],[71.5122328673203,-89.9797341052708],[71.7585522440244,-89.97975330678726],[72.00533470079009,-89.97977213339544],[72.25257236273495,-89.97979058404758],[72.50025725809492,-89.97980865771302],[72.7483813193819,-89.97982635337856],[72.99693638458955,-89.9798436700486],[73.24591419844663,-89.97986060674553],[73.495306413718,-89.97987716250992],[73.74510459255289,-89.9798933364008],[73.99530020788002,-89.9799091274959],[74.24588464484928,-89.97992453489191],[74.4968492023197,-89.97993955770474],[74.74818509439295,-89.97995419506972],[74.99988345199236,-89.97996844614191],[75.25193532448633,-89.97998231009628],[75.50433168135606,-89.97999578612793],[75.75706341390678,-89.98000887345239],[76.0101213370218,-89.98002157130576],[76.26349619095865,-89.98003387894494],[76.51717864318682,-89.98004579564791],[76.7711592902659,-89.98005732071385],[77.02542865976368,-89.9800684534634],[77.27997721221307,-89.98007919323881],[77.5347953431072,-89.98008953940416],[77.78987338493141,-89.98009949134557],[78.04520160923151,-89.98010904847128],[78.30077022871694,-89.98011821021196],[78.55656939939816,-89.98012697602077],[78.81258922275674,-89.98013534537355],[79.06881974794743,-89.980143317769],[79.32525097403074,-89.98015089272883],[79.58187285223494,-89.98015806979782],[79.83867528824642,-89.98016484854409],[80.09564814452673,-89.9801712285591],[80.35278124265555,-89.98017720945786],[80.6100643656978,-89.98018279087901],[80.86748726059375,-89.98018797248494],[81.12503964057096,-89.98019275396184],[81.3827111875761,-89.9801971350199],[81.64049155472593,-89.98020111539331],[81.89837036877539,-89.98020469484034],[82.15633723260176,-89.98020787314348],[82.41438172770322,-89.98021065010947],[82.67249341671034,-89.9802130255693],[82.93066184590897,-89.98021499937838],[83.18887654777328,-89.98021657141646],[83.44712704350684,-89.98021774158778],[83.70540284559088,-89.98021850982101],[83.96369346033775,-89.98021887606934],[84.22198839044799,-89.98021884031044],[84.48027713756987,-89.98021840254647],[84.7385492048594,-89.98021756280413],[84.99679409953941,-89.98021632113459],[85.25500133545627,-89.98021467761356],[85.51316043563247,-89.98021263234114],[85.77126093481363,-89.98021018544189],[86.02929238200838,-89.9802073370648],[86.2872443430197,-89.98020408738313],[86.54510640296577,-89.9802004365945],[86.80286816878943,-89.98019638492075],[87.06051927175417,-89.98019193260785],[87.31804936992563,-89.98018707992593],[87.57544815063665,-89.98018182716905],[87.83270533293496,-89.98017617465527],[88.08981067001176,-89.98017012272643],[88.34675395160957,-89.98016367174812],[88.60352500640855,-89.98015682210949],[88.86011370438936,-89.98014957422328],[89.11650995917164,-89.98014192852553],[89.37270373032636,-89.98013388547552],[89.62868502566123,-89.98012544555571],[89.88444390347755,-89.98011660927146],[90.13997047479751,-89.98010737715096],[90.39525490556055,-89.98009774974507],[90.65028741878781,-89.98008772762714],[90.90505829671348,-89.98007731139283],[91.15955788288178,-89.98006650166002],[91.41377658420889,-89.98005529906848],[91.6677048730085,-89.98004370427982],[91.92133328898002,-89.98003171797725],[92.17465244115884,-89.98001934086537],[92.42765300982728,-89.98000657366998],[92.68032574838563,-89.97999341713788],[92.93266148518256,-89.97997987203662],[93.1846511253038,-89.97996593915438],[93.43628565231862,-89.97995161929961],[93.68755612998338,-89.97993691330092],[93.93845370390142,-89.97992182200677],[94.18896960313864,-89.97990634628532],[94.43909514179443,-89.97989048702406],[94.68882172052705,-89.97987424512972],[94.93814082803351,-89.97985762152791],[95.18704404248294,-89.97984061716289],[95.43552303290338,-89.97982323299736],[95.68356956052168,-89.97980547001217],[95.93117548005604,-89.979787329206],[96.17833274096094,-89.97976881159525],[96.4250333886243,-89.9797499182136],[96.67126956551671,-89.97973065011183],[96.9170335122925,-89.97971100835755],[97.16231756884251,-89.97969099403488],[97.40711417529882,-89.9796706082442],[97.65141587299082,-89.97964985210187],[97.89521530535336,-89.97962872673993],[98.1385052187864,-89.97960723330584],[98.38127846346661,-89.97958537296218],[98.62352799411102,-89.9795631468863],[98.8652468706928,-89.9795405562702],[99.10642825910931,-89.97951760232002],[99.34706543180297,-89.97949428625591],[99.58715176833476,-89.97947060931169],[99.82668075591108,-89.97944657273452],[100.06564598986404,-89.97942217778463],[100.30404117408573,-89.97939742573504],[100.54186012141659,-89.97937231787128],[100.77909675398878,-89.97934685549099],[101.01574510352451,-89.97932103990375],[101.25179931158998,-89.97929487243074],[101.48725362980572,-89.97926835440438],[101.72210242001353,-89.97924148716814],[101.95634015440048,-89.97921427207615],[102.18996141558112,-89.97918671049297],[102.42296089663787,-89.97915880379324],[102.65533340112059,-89.97913055336146],[102.88707384300575,-89.9791019605916],[103.11817724661633,-89.97907302688691],[103.34863874650227,-89.97904375365952],[103.57845358728318,-89.97901414233026],[103.8076171234532,-89.97898419432825],[104.03612481914918,-89.97895391109076],[104.26397224788292,-89.97892329406277],[104.49115509223796,-89.97889234469679],[104.71766914353188,-89.97886106445256],[104.94351030144497,-89.97882945479672],[105.16867457361576,-89.97879751720258],[105.39315807520455,-89.97876525314983],[105.57923589983142,-89.97874442299316],[105.76494742010172,-89.97872336908652],[105.95028982603894,-89.97870209209349],[106.13526034972419,-89.97868059268194],[106.31985626534063,-89.97865887152412],[106.51118503861355,-89.97864822649196],[106.7023210022625,-89.97863734360418],[106.89326019996945,-89.97862622322411],[107.0839987010389,-89.97861486572228],[107.27453260082692,-89.97860327147623],[107.46752590324971,-89.97860300191972],[107.66051215359307,-89.97860248960261],[107.85348697369508,-89.97860173454231],[108.04644598694959,-89.97860073676452],[108.23938481890168,-89.97859949630319],[108.43048724817893,-89.97860959738114],[108.6217681190488,-89.97861946027463],[108.81322341184944,-89.97862908465386],[109.0048490840051,-89.97863847019646],[109.1966410704959,-89.97864761658748],[109.38231750780213,-89.97866788948136],[109.5683452366916,-89.97868793792249],[109.75472132188635,-89.97870776127684],[109.94144278761766,-89.97872735891517],[110.12850661773378,-89.97874673021305],[110.30523250573495,-89.97877678330278],[110.48245791642036,-89.97880663390704],[110.6601815650352,-89.97883628116907],[110.83840212124096,-89.97886572423309],[111.01711820878798,-89.97889496224451],[111.18137445401216,-89.97893421234853],[111.34624257051631,-89.97897328867546],[111.51172323812665,-89.97901219025468],[111.67781710085329,-89.97905091611267],[111.84452476626409,-89.97908946527313],[111.99280117319495,-89.97913713919421],[112.14175578490344,-89.97918467275126],[112.29139123780215,-89.9792320649805],[112.44171015530914,-89.97927931491216],[112.59271514722698,-89.97932642157062],[112.72152684194361,-89.9793815583549],[112.85102864855016,-89.97943659036781],[112.98122479403463,-89.97949151676593],[113.11211952215041,-89.9795463366984],[113.24371709314478,-89.9796010493069],[113.34963911288077,-89.97966250383512],[113.4562028426161,-89.97972388843574],[113.56341338761148,-89.97978520247176],[113.67127589717279,-89.97984644529912],[113.77979556493855,-89.97990761626669],[113.85952150758747,-89.97997406506533],[113.9397781382723,-89.98004047483128],[114.02057045528993,-89.98010684517365],[114.10190351536279,-89.98017317569649],[114.18378243441201,-89.98023946599884],[114.26600731495972,-89.98032368357576],[114.34893891818353,-89.98040786028103],[114.43258604281276,-89.98049199558557],[114.51695762786053,-89.98057608895137],[114.60206275528385,-89.98066013983139],[114.68791065270027,-89.98074414766926],[114.77451069616241,-89.98082811189917],[114.86187241299167,-89.98091203194568],[114.9500054846723,-89.98099590722343],[115.03891974980772,-89.98107973713705],[115.12862520713958,-89.98116352108086],[115.21913201863177,-89.98124725843871],[115.31045051262056,-89.98133094858373],[115.40259118703182,-89.98141459087815],[115.49556471266796,-89.98149818467296],[115.5893819365648,-89.98158172930783],[115.68405388542102,-89.98166522411074],[115.77959176910093,-89.98174866839778],[115.87600698421272,-89.98183206147291],[115.97331111776383,-89.98191540262766],[116.07151595089447,-89.98199869114093],[116.170633462692,-89.98208192627861],[116.27067583408676,-89.9821651072934],[116.37165545183237,-89.98224823342446],[116.47358491257101,-89.98233130389718],[116.57647702698651,-89.9824143179228],[116.68034482404643,-89.98249727469815],[116.78520155533552,-89.98258017340531],[116.89106069948198,-89.98266301321131],[116.99793596667878,-89.98274579326775],[117.10584130330184,-89.98282851271055],[117.21479089662724,-89.98291117065948],[117.32479917964902,-89.98299376621786],[117.43588083600021,-89.98307629847223],[117.54805080497863,-89.98315876649188],[117.66132428667973,-89.98324116932856],[117.77571674723866,-89.98332350601602],[117.89124392418339,-89.98340577556958],[118.00792183190123,-89.9834879769858],[118.12576676722087,-89.98357010924195],[118.2447953151118,-89.98365217129566],[118.36502435450392,-89.9837341620844],[118.48647106422834,-89.98381608052505],[118.60915292908305,-89.98389792551338],[118.7330877460239,-89.98397969592365],[118.85829363048474,-89.98406139060803],[118.98478902282733,-89.9841430083961],[119.11259269492426,-89.98422454809435],[119.24172375687645,-89.98430600848559],[119.37220166386703,-89.98438738832846],[119.5040462231545,-89.9844686863568],[119.63727760120624,-89.9845499012791],[119.771916330975,-89.98463103177785],[119.90798331931965,-89.98471207650901],[120.04549985457272,-89.9847930341013],[120.18448761425576,-89.98487390315555],[120.32496867294488,-89.9849546822441],[120.4669655102875,-89.98503536991002],[120.6105010191721,-89.9851159646665],[120.75559851405234,-89.98519646499606],[120.90228173942651,-89.98527686934982],[121.05057487847394,-89.98535717614676],[121.20050256184864,-89.98543738377295],[121.35208987663148,-89.98551749058065],[121.50536237544138,-89.98559749488763],[121.66034608570543,-89.98567739497622],[121.81706751908892,-89.98575718909247],[121.97555368108438,-89.98583687544524],[122.13583208075957,-89.98591645220533],[122.29793074066379,-89.9859959175045],[122.46187820689163,-89.98607526943448],[122.62770355930212,-89.98615450604603],[122.7954364218925,-89.98623362534794],[122.96510697332377,-89.98631262530584],[123.13674595759551,-89.98639150384133],[123.31038469486724,-89.9864702588307],[123.48605509242216,-89.98654888810393],[123.6637896557696,-89.9866273894434],[123.84362149988088,-89.98670576058281],[124.02558436055365,-89.98678399920588],[124.20971260589805,-89.98686210294517],[124.3960412479381,-89.98694006938065],[124.58460595432034,-89.98701789603854],[124.77544306012128,-89.98709558038983],[124.96858957974388,-89.98717311984895],[125.16408321889263,-89.98725051177226],[125.36196238661543,-89.98732775345671],[125.56226620739947,-89.98740484213819],[125.76503453330696,-89.98748177499007],[125.97030795613534,-89.9875585491216],[126.17812781958516,-89.98763516157626],[126.38853623141694,-89.98771160933012],[126.60157607557747,-89.98778788929006],[126.81729102427336,-89.98786399829216],[127.03572554996866,-89.98793993309972],[127.2569249372805,-89.98801569040158],[127.48093529474554,-89.98809126681013],[127.70780356642707,-89.98816665885941],[127.93757754333073,-89.98824186300315],[128.17030587459365,-89.98831687561271],[128.40603807840992,-89.988391692975],[128.64482455265212,-89.98846631129042],[128.88671658514534,-89.98854072667062],[129.13176636354723,-89.98861493513631],[129.38002698478462,-89.98868893261496],[129.63155246399273,-89.98876271493855],[129.88639774290007,-89.9888362778411],[130.1446186975981,-89.98890961695635],[130.40627214562977,-89.9889827278152],[130.67141585232767,-89.98905560584325],[130.94010853632724,-89.9891282463582],[131.21240987417556,-89.98920064456726],[131.4883805039519,-89.98927279556443],[131.69076131781287,-89.98933499539781],[131.89551401803428,-89.9893970606089],[132.10267522513857,-89.98945898881969],[132.3122821743265,-89.98952077760137],[132.5243727232897,-89.98958242447297],[132.68103284077708,-89.9896494325158],[132.83973335962978,-89.9897163621693],[133.00051192021198,-89.98978321189287],[133.16340702416744,-89.98984998010722],[133.3284580566418,-89.98991666519318],[133.4317685255084,-89.98998714889372],[133.5365434308436,-89.99005759957899],[133.64281341683503,-89.99012801654217],[133.750609967342,-89.99019839905645],[133.85996543404897,-89.99026874637438],[133.90187219678765,-89.99034117509804],[133.94441217817942,-89.99041359857652],[133.98759979156802,-89.99048601669004],[134.03144988957808,-89.99055842931514],[134.07597778091946,-89.99063083632457],[134.0482978582765,-89.99070347153561],[134.02018200125923,-89.99077610454276],[133.9916198436216,-89.99084873529351],[133.96260068827252,-89.99092136373375],[133.9331134939894,-89.99099398980755],[133.8280896593417,-89.99106488289324],[133.7213862992729,-89.99113574547741],[133.61296355920027,-89.99120657682263],[133.50278033898715,-89.99127737616794],[133.39079424498527,-89.99134814272772],[133.2020042912788,-89.99141514866434],[133.01024621202143,-89.99148205992886],[132.8154538549251,-89.9915488742726],[132.617559238204,-89.99161558937848],[132.41649249355797,-89.99168220285864],[132.1401807479391,-89.99174302159535],[131.85977495288117,-89.99180364545242],[131.5751971735711,-89.99186407007349],[131.28636796241068,-89.99192429098632],[130.993206344769,-89.99198430359964],[130.58715217916662,-89.99205301599092],[130.17403617292922,-89.99212132229219],[129.75371658001518,-89.99218921184952],[129.32604977039423,-89.99225667370152],[128.89089032468945,-89.9923236965717],[128.44809114223642,-89.99239026886106],[127.99750356358317,-89.99245637864048],[127.53897750850227,-89.9925220136434],[127.07236163063234,-89.99258716125841],[126.59750348990853,-89.99265180852228],[126.11424974398318,-89.99271594211291],[125.62244635987278,-89.99277954834257],[125.12193884709889,-89.99284261315164],[124.61257251361536,-89.99290512210239],[124.09419274583026,-89.99296706037335],[123.56664531403908,-89.99302841275407],[123.02977670458179,-89.99308916364049],[122.48343448001975,-89.9931492970307],[121.92746766859759,-89.99320879652164],[121.36172718420688,-89.9932676453064],[120.78606627800046,-89.99332582617235],[120.20034102271796,-89.99338332150033],[119.60441083066884,-89.99344011326474],[118.99813900617991,-89.99349618303485],[118.38139333314469,-89.99355151197737],[117.7540466981102,-89.9936060808603],[117.11597774910132,-89.99365987005834],[116.4670715901101,-89.99371285955982],[115.80722051086458,-89.99376502897545],[115.13632475114073,-89.99381635754877],[114.45429329848378,-89.9938668241687],[113.76104471776868,-89.99391640738415],[113.05650801054688,-89.99396508542075],[112.34062350160185,-89.99401283620007],[111.61334374957093,-89.99405963736118],[110.87463447788602,-89.99410546628482],[110.12447552164771,-89.99415030012024],[109.36286178537925,-89.99419411581478],[108.58980420591737,-89.99423689014625],[107.80533071399338,-89.99427859975829],[107.00948718735152,-89.99431922119861],[106.20233838755465,-89.99435873096014],[105.38396887195155,-89.99439710552528],[104.55448387164502,-89.99443432141291],[103.71401012571829,-89.9944703552284],[102.86269666147055,-89.99450518371641],[102.00071550999829,-89.99453878381622],[101.12826234615841,-89.99457113271976],[100.24555704178174,-89.99460220793172],[99.35284412098953,-89.99463198733203],[98.45039310662263,-89.9946604492399],[97.53849874713462,-89.99468757247946],[96.61748111384587,-89.99471333644654],[95.68768555920951,-89.99473772117622],[94.7494825277132,-89.99476070741073],[93.80326721223136,-89.99478227666717],[92.84945905004561,-89.99480241130473],[91.88850105435813,-89.99482109459079],[90.92085897891388,-89.99483831076536],[89.94702031530059,-89.99485404510342],[88.96749312457999,-89.99486828397458],[87.9828047070826,-89.99488101489956],[86.99350011643173,-89.99489222660284],[86.00014052610341,-89.99490190906123],[85.00330145902802,-89.99491005354758],[84.00357089284941,-89.99491665266953],[83.00154725542296,-89.9949217004026],[81.99783732691104,-89.99492519211744],[80.99305406637419,-89.99492712460096],[79.9878143820207,-89.99492749607113],[78.982736865231,-89.99492630618505],[77.97843950909137,-89.99492355604063],[76.97553743243766,-89.99491924817154],[75.97464063031408,-89.99491338653549],[74.97635177130115,-89.99490597649618],[73.98126406136974,-89.99489702479893],[72.98995919279758,-89.99488653954026],[72.00300539527149,-89.9948745301319],[71.02095560462898,-89.99486100725923],[70.04434576281116,-89.99484598283514],[69.07369326055056,-89.99482946994914],[68.10949553215596,-89.99481148281268],[67.15222880952757,-89.99479203670091],[66.20234704029342,-89.99477114789163],[65.26028097274809,-89.99474883360166],[64.32643740814025,-89.99472511192157],[63.40119861883513,-89.99470000174885],[62.48492192900804,-89.99467352272046],[61.57793945282598,-89.99464569514485],[60.81767427625617,-89.99469971145967],[60.04189340342658,-89.99475277543691],[59.250410220880944,-89.9948048578945],[58.44305445863546,-89.99485592901941],[57.61967416390304,-89.99490595839376],[56.78013776776629,-89.99495491502599],[55.92433623701565,-89.99500276738786],[55.05218530107842,-89.9950494834572],[54.1636277414737,-89.99509503076692],[53.2586357285544,-89.99513937646076],[52.337213187474184,-89.99518248735559],[51.39939817238559,-89.99522433001101],[50.445265224890335,-89.99526487080593],[49.47492768978877,-89.99530407602263],[48.488539958297544,-89.99534191193793],[47.48629960620625,-89.9953783449217],[46.468449392038586,-89.99541334154232],[45.435279078275,-89.9954468686788],[44.387127037205815,-89.99547889363929],[43.32438160213681,-89.99550938428526],[42.24748212458121,-89.99553830916062],[41.15691969885475,-89.99556563762522],[40.053237517241094,-89.99559133999139],[38.9370308216874,-89.99561538766272],[37.80894642187595,-89.99563775327374],[36.669681754503586,-89.99565841082904],[35.51998346466798,-89.99567733584071],[34.36064549732934,-89.99569450546225],[33.19250669477524,-89.9957098986176],[32.01644790469555,-89.99572349612373],[30.83338861266628,-89.99573528080498],[29.644283122295967,-89.99574523759807],[28.450116315727467,-89.99575335364582],[27.25189903630743,-89.99575961837874],[26.050663143737683,-89.99576402358288],[24.847456299599024,-89.9957665634533],[23.64333654751804,-89.99576723463213],[22.439366757190342,-89.99576603623068],[21.236609004789372,-89.99576296983533],[20.036118963848885,-89.99575803949702],[18.838940380451405,-89.99575125170465],[17.646099704489203,-89.99574261534252],[16.45860094497504,-89.99573214163284],[15.277420812009915,-89.99571984406376],[14.10350420127152,-89.99570573830432],[12.937760069020257,-89.99568984210737],[11.78105773691312,-89.99567217520182],[10.634223656675289,-89.99565275917574],[9.498038655204809,-89.99563161735188],[8.373235671279506,-89.99560877465701],[7.260497985963567,-89.995584257487],[6.160457940315062,-89.99555809356858],[5.073696126274343,-89.99553031182008],[4.000741029813906,-89.99550094221175],[2.9420690996666967,-89.99547001562757],[1.8981052102679554,-89.99543756372947],[0.8692234839764089,-89.9954036188249],[-0.1442515648562256,-89.99536821373904],[-1.1420436028641068,-89.99533138169225],[-2.123922807120883,-89.99529315618321],[-3.089703990177695,-89.99525357087866],[-4.039244558757191,-89.9952126595099],[-4.972442342527135,-89.99517045577635],[-5.889233327246022,-89.99512699325626],[-6.789589324071819,-89.99508230532498],[-7.673515604069684,-89.99503642508016],[-8.54104852403684,-89.99498938527434],[-9.392253166780733,-89.99494121825444],[-10.22722101600939,-89.99489195590805],[-11.046067683086324,-89.9948416296161],[-11.848930700118881,-89.99479027021185],[-12.635967391221644,-89.99473790794553],[-13.40735283136419,-89.99468457245466],[-14.163277899977032,-89.99463029273927],[-14.903947434482621,-89.99457509714208],[-15.629578487120096,-89.9945190133328],[-16.340398686860144,-89.99446206829673],[-17.036644706838974,-89.99440428832675],[-17.718560836575126,-89.99434569901878],[-18.386397657253728,-89.99428632527018],[-19.040410817554676,-89.99422619128077],[-19.680859906851946,-89.99416532055633],[-20.308007422100015,-89.99410373591414],[-20.922117824337494,-89.99404145949025],[-21.523456680465145,-89.99397851274864],[-22.112289885770526,-89.99391491649143],[-22.688882962577146,-89.99385069087049],[-23.253500430361658,-89.99378585539996],[-23.80640524271303,-89.99372042896957],[-24.610033407144968,-89.99373524856983],[-25.417312950571823,-89.99374883001958],[-26.227946226843766,-89.99376116523275],[-27.041627745084163,-89.99377224680414],[-27.858044798229965,-89.99378206803102],[-28.676878133209026,-89.99379062293305],[-29.497802659494663,-89.99379790627005],[-30.320488192368945,-89.99380391355795],[-31.14460022684593,-89.99380864108244],[-31.969800737866542,-89.9938120859103],[-32.79574900208164,-89.99381424589855],[-33.62210243629275,-89.99381511970105],[-34.44851744743108,-89.99381470677271],[-35.274650288819664,-89.99381300737113],[-36.100157917392885,-89.99381002255592],[-36.924698846534675,-89.99380575418526],[-37.74793398924933,-89.9938002049102],[-38.56952748648887,-89.9937933781665],[-39.38914751563247,-89.99378527816397],[-40.20646707434167,-89.99377590987365],[-41.021164735288636,-89.99376527901269],[-41.83292536758633,-89.9937533920273],[-42.641440821107736,-89.99374025607342],[-43.44641057028867,-89.99372587899585],[-44.247542314430525,-89.99371026930545],[-45.04455253197238,-89.99369343615496],[-45.837166986662396,-89.99367538931317],[-46.625121184026504,-89.99365613913812],[-47.4081607770014,-89.99363569654899],[-48.18604192006007,-89.99361407299722],[-48.958531571603764,-89.9935912804368],[-49.725407744827095,-89.99356733129399],[-50.4864597076635,-89.99354223843662],[-51.241488132800164,-89.99351601514311],[-51.990305199095175,-89.9934886750714],[-52.732734646042765,-89.99346023222783],[-53.46861178320875,-89.99343070093627],[-54.197783456798156,-89.99340009580752],[-54.92010797571752,-89.993368431709],[-55.635454999660766,-89.99333572373526],[-56.34370539187304,-89.99330198717871],[-57.0447510393415,-89.99326723750143],[-57.738494643218964,-89.99323149030755],[-58.42484948231478,-89.9931947613166],[-59.10373915248433,-89.99315706633774],[-59.77509728472056,-89.99311842124506],[-60.438867244697654,-89.99307884195372],[-61.0950018164441,-89.99303834439738],[-61.74346287272922,-89.99299694450657],[-62.38422103464165,-89.9929546581882],[-63.01725532271639,-89.99291150130614],[-63.6425528018373,-89.992867489663],[-64.26010822200581,-89.99282263898299],[-64.86992365692042,-89.99277696489582],[-65.47200814216758,-89.99273048292179],[-66.06637731467656,-89.99268320845783],[-66.65305305494188,-89.99263515676479],[-67.23206313337488,-89.9925863429555],[-67.80344086199935,-89.992536781984],[-68.36722475257288,-89.99248648863566],[-68.92345818207991,-89.9924354775183],[-69.47218906641612,-89.99238376305404],[-70.01346954296628,-89.9923313594722],[-70.5473556626596,-89.9922782808029],[-71.07390709198636,-89.99222454087146],[-71.59318682535638,-89.99217015329351],[-72.10526090809167,-89.9921151314709],[-72.61019817026045,-89.99205948858814],[-73.1080699714844,-89.99200323760955],[-73.59894995678088,-89.99194639127698],[-74.08291382344076,-89.99188896210808],[-74.56003909888521,-89.99183096239503],[-75.03040492939739,-89.99177240420381],[-75.49409187957944,-89.99171329937393],[-75.95118174234987,-89.99165365951849],[-76.40175735926141,-89.99159349602466],[-76.84590245089325,-89.99153282005459],[-77.28370145704883,-89.99147164254647],[-77.71523938646976,-89.99140997421604],[-78.14060167576234,-89.99134782555831],[-78.55987405722165,-89.99128520684945],[-78.97314243522891,-89.99122212814912],[-79.3804927708917,-89.99115859930265],[-79.78201097459466,-89.99109462994379],[-80.17778280612508,-89.99103022949726],[-80.56789378204131,-89.9909654071817],[-80.95242908995195,-89.99090017201264],[-81.33147350937894,-89.99083453280551],[-81.70511133888384,-89.99076849817887],[-82.07342632914111,-89.99070207655761],[-82.43650162165122,-89.99063527617629],[-82.79441969279374,-89.9905681050825],[-83.14726230292939,-89.99050057114025],[-83.49511045026888,-89.99043268203333],[-83.83804432923738,-89.99036444526892],[-84.17614329307037,-89.9902958681809],[-84.50948582039074,-89.99022695793337],[-84.83814948552238,-89.99015772152414],[-85.1622109323102,-89.99008816578815],[-85.48174585122293,-89.9900182974009],[-85.79682895952733,-89.98994812288191],[-86.10753398433127,-89.98987764859808],[-86.41393364830273,-89.98980688076703],[-86.7160996578825,-89.98973582546049],[-87.01410269381518,-89.9896644886075],[-87.30801240383504,-89.98959287599776],[-87.59789739734967,-89.98952099328476],[-87.8838252419732,-89.98944884598895],[-88.16586246177042,-89.98937643950089],[-88.44407453707895,-89.98930377908425],[-88.71852590578617,-89.9892308698789],[-88.98927996594195,-89.98915771690378],[-89.25639907959913,-89.98908432505986],[-89.51994457777622,-89.98901069913299],[-89.77997676644607,-89.98893684379668],[-90.03655493345882,-89.98886276361483],[-90.48406654702632,-89.98887056828644],[-90.8446049552646,-89.98886533155145],[-91.20479014766454,-89.9888596543462],[-91.56459421871662,-89.98885353734374],[-91.92398944215364,-89.9888469812677],[-92.27274837022169,-89.9888291449206],[-92.62038252438896,-89.98881089600543],[-92.9668718675205,-89.98879223653748],[-93.31219682912707,-89.9887731685638],[-93.63644492265995,-89.98874338697891],[-93.9589715533934,-89.98871324679322],[-94.27977011716104,-89.98868275087182],[-94.59883451373116,-89.98865190208262],[-94.88757563446295,-89.98861125629799],[-95.17425586272967,-89.98857032334175],[-95.4588829834745,-89.98852910628814],[-95.74146507586921,-89.98848760818858],[-95.98608036856854,-89.98843752769339],[-96.22858142125946,-89.98838723826574],[-96.46898695014823,-89.98833674260824],[-96.70731564453598,-89.98828604338787],[-96.90186038673541,-89.98822821148826],[-97.09450077718141,-89.98817024519892],[-97.28526034948187,-89.98811214648572],[-97.47416234675934,-89.98805391728077],[-97.61533840272745,-89.98799017345209],[-97.75502291000309,-89.98792635747914],[-97.89323774761505,-89.98786247049986],[-98.03000440504204,-89.98779851362963],[-98.11688944942432,-89.98773076360077],[-98.20282001960062,-89.98766298566798],[-98.28781137741424,-89.98759518028865],[-98.37187846943885,-89.98752734791039],[-98.40551559827229,-89.98745748805803],[-98.43878008406928,-89.98738762393064],[-98.47167806305212,-89.98731775559887],[-98.50421553793345,-89.98724788313183],[-98.48715771087815,-89.98717774167085],[-98.4702854924659,-89.98710759908573],[-98.45359587251752,-89.98703745539474],[-98.43708590553378,-89.98696731061573],[-98.37296361749392,-89.98689860501311],[-98.30951043253516,-89.98682988317242],[-98.24671608532424,-89.98676114534649],[-98.1845705162653,-89.98669239178307],[-98.07772194890401,-89.98662670005756],[-97.97191832766711,-89.98656096227849],[-97.867145109381,-89.98649517911839],[-97.76338800519625,-89.9864293512372]]],"type":"Polygon"},"properties":{"name":"fence","role":"fence"},"type":"Feature"}],"type":"FeatureCollection"}